-- phpMyAdmin SQL Dump
-- version 4.6.4
-- https://www.phpmyadmin.net/
--
-- Servidor: localhost
-- Tiempo de generación: 16-11-2016 a las 19:30:15
-- Versión del servidor: 5.7.15-log
-- Versión de PHP: 5.6.26

SET SQL_MODE = "NO_AUTO_VALUE_ON_ZERO";
SET time_zone = "+00:00";


/*!40101 SET @OLD_CHARACTER_SET_CLIENT=@@CHARACTER_SET_CLIENT */;
/*!40101 SET @OLD_CHARACTER_SET_RESULTS=@@CHARACTER_SET_RESULTS */;
/*!40101 SET @OLD_COLLATION_CONNECTION=@@COLLATION_CONNECTION */;
/*!40101 SET NAMES utf8mb4 */;

--
-- Base de datos: `crud1`
--

-- --------------------------------------------------------

--
-- Estructura de tabla para la tabla `equipo`
--

CREATE TABLE `equipo` (
  `id` int(11) NOT NULL,
  `identificador` int(11) NOT NULL,
  `orden` int(11) NOT NULL,
  `item` int(11) NOT NULL,
  `tipo` varchar(15) NOT NULL,
  `modelo` varchar(20) NOT NULL,
  `serie` varchar(20) NOT NULL,
  `estado` varchar(25) NOT NULL,
  `fecha` datetime NOT NULL,
  `comentario` varchar(255) NOT NULL,
  `cliente` int(11) NOT NULL,
  `contrato` int(11) NOT NULL,
  `razon_social` varchar(50) NOT NULL,
  `direccion` varchar(50) NOT NULL,
  `localidad` varchar(50) NOT NULL,
  `digitacion` datetime NOT NULL,
  `precio` decimal(6,2) NOT NULL
) ENGINE=InnoDB DEFAULT CHARSET=latin1;

--
-- Volcado de datos para la tabla `equipo`
--

INSERT INTO `equipo` (`id`, `identificador`, `orden`, `item`, `tipo`, `modelo`, `serie`, `estado`, `fecha`, `comentario`, `cliente`, `contrato`, `razon_social`, `direccion`, `localidad`, `digitacion`, `precio`) VALUES
(1, 3060252, 306025, 2, 'D E x E', '8570_DNA', '', '4', '2016-09-28 17:59:19', ' ', 3024, 50611, 'PBB POLISUR S.R.L', 'AV. S. MARTIN 1881 LHC1 TRAINING', 'INGENIERO WHITE', '2014-05-23 00:00:00', '0.00'),
(2, 3065313, 306531, 3, 'DESPACHO', '3635MFPV_XA', '', '12', '2016-08-25 11:21:34', ' ', 55369, 50517, 'ROHM AND HAAS ARG. SRL', 'CAMINO COSTA BRAVA S-N - PQUE INDUSTRIAL', 'ZARATE', '2014-06-18 00:00:00', '0.00'),
(3, 30848222, 308482, 22, 'DESPACHO', '5225V_TA', 'KBP568102', '10', '2016-09-29 15:07:56', ' el horario es de 8 a 15', 9499, 50721, 'GOBIERNO DE LA CIUDAD DE BUENOS AIRES', 'MAIPU 169  1 PISO ', 'CAPITAL FEDERAL', '2014-10-31 00:00:00', '0.00'),
(4, 3086822, 308682, 2, 'DESPACHO', '3655V_XA', '', '9', '2016-08-25 12:02:55', ' ', 52165, 50746, 'PRICE WATERHOUSE & CO. ASESORES DE EMPRESAS S.R.L.', '9 DE JULIO   921   01', 'MENDOZA', '2014-11-13 00:00:00', '0.00'),
(5, 3087916, 308791, 6, 'D E x E', '3225V_DNIA', '', '12', '2016-08-25 12:14:53', ' ', 1963, 50674, 'BCO. PATAGONIA S. A.', 'AV. LIBERTAD 5450  PB', 'CORRIENTES', '2014-11-20 00:00:00', '0.00'),
(6, 30958655, 309586, 55, 'DESPACHO', '5225V_TA', '', '9', '2016-08-25 12:15:28', ' ', 9499, 50721, 'GOBIERNO DE LA CIUDAD DE BUENOS AIRES', 'PASEO COLON 221  7MO. PISO', 'CAPITAL FEDERAL', '2014-12-22 00:00:00', '0.00'),
(7, 30958627, 309586, 27, 'DESPACHO', '5225V_TA', '', '1', '2014-12-22 00:00:00', ' ', 9499, 50721, 'GOBIERNO DE LA CIUDAD DE BUENOS AIRES', 'PASEO COLON 221  7MO. PISO', 'CAPITAL FEDERAL', '2014-12-22 00:00:00', '0.00'),
(8, 30958613, 309586, 13, 'DESPACHO', '5225V_TA', '', '1', '2014-12-22 00:00:00', ' ', 9499, 50721, 'GOBIERNO DE LA CIUDAD DE BUENOS AIRES', 'PASEO COLON 221  7MO. PISO', 'CAPITAL FEDERAL', '2014-12-22 00:00:00', '0.00'),
(9, 30958641, 309586, 41, 'DESPACHO', '5225V_TA', '', '1', '2014-12-22 00:00:00', ' ', 9499, 50721, 'GOBIERNO DE LA CIUDAD DE BUENOS AIRES', 'PASEO COLON 221  7MO. PISO', 'CAPITAL FEDERAL', '2014-12-22 00:00:00', '0.00'),
(10, 30959111, 309591, 11, 'DESPACHO', '5225V_TA', '', '1', '2014-12-22 00:00:00', ' ', 9499, 50721, 'GOBIERNO DE LA CIUDAD DE BUENOS AIRES', 'CASTANARES Y  ESCALADA ', 'CAPITAL FEDERAL', '2014-12-22 00:00:00', '0.00'),
(11, 30959125, 309591, 25, 'DESPACHO', '5225V_TA', '', '1', '2014-12-22 00:00:00', ' ', 9499, 50721, 'GOBIERNO DE LA CIUDAD DE BUENOS AIRES', 'CASTANARES Y  ESCALADA ', 'CAPITAL FEDERAL', '2014-12-22 00:00:00', '0.00'),
(12, 30992239, 309922, 39, 'DESPACHO', 'P4500', '', '1', '2015-01-21 00:00:00', ' ', 1, 50752, 'XEROX ARG. I.C.S.A.', 'CORDOBA  3341   02', 'MARTINEZ', '2015-01-21 00:00:00', '0.00'),
(13, 3107424, 310742, 4, 'DESPACHO', '560V_F', '', '1.', '2015-03-27 00:00:00', ' ', 11488, 50664, 'PAN AMERICAN ENERGY LLC SUC. ARG.', 'ALEM   1134  12', 'CAPITAL FEDERAL', '2015-03-27 00:00:00', '0.00'),
(14, 3109407, 310940, 7, 'DESPACHO', 'YSQT1-020-0510', '', '1', '2015-04-13 00:00:00', ' ', 1979, 50656, 'COSMETICOS AVON S.A.I.C.*', 'MARTIN RODRIGUEZ  4013', 'VICTORIA', '2015-04-13 00:00:00', '0.00'),
(15, 3109409, 310940, 9, 'DESPACHO', 'YSQT1-020-0510', '', '1', '2015-04-13 00:00:00', ' ', 1979, 50656, 'COSMETICOS AVON S.A.I.C.*', 'MARTIN RODRIGUEZ  4013', 'VICTORIA', '2015-04-13 00:00:00', '0.00'),
(16, 3109408, 310940, 8, 'DESPACHO', 'YSQT1-020-0510', '', '1', '2015-04-13 00:00:00', ' ', 1979, 50656, 'COSMETICOS AVON S.A.I.C.*', 'MARTIN RODRIGUEZ  4013', 'VICTORIA', '2015-04-13 00:00:00', '0.00'),
(17, 3110353, 311035, 3, 'DESPACHO', '7225V_TW', '', '1.', '2015-04-17 00:00:00', ' ', 3422, 50739, 'EDENOR*', 'ALFREDO FERREYRA 75', 'MORON', '2015-04-17 00:00:00', '0.00'),
(18, 3110368, 311036, 8, 'DESPACHO', '3550V_XA', '', '1', '2015-04-17 00:00:00', ' ', 9499, 50721, 'GOBIERNO DE LA CIUDAD DE BUENOS AIRES', 'CERVIO  3356   05', 'CAPITAL FEDERAL', '2015-04-17 00:00:00', '0.00'),
(19, 3110365, 311036, 5, 'DESPACHO', '3550V_XA', '', '1', '2015-04-17 00:00:00', ' ', 9499, 50721, 'GOBIERNO DE LA CIUDAD DE BUENOS AIRES', 'CERVIO  3356   05', 'CAPITAL FEDERAL', '2015-04-17 00:00:00', '0.00'),
(20, 3110373, 311037, 3, 'DESPACHO', '7225V_TW', '', '1.', '2015-04-17 00:00:00', ' ', 3422, 50739, 'EDENOR*', 'FEDERICO RUSSO 3990   ', 'GONZALEZ CATAN', '2015-04-17 00:00:00', '0.00'),
(21, 3110382, 311038, 2, 'DESPACHO', '6015V_NIA', '', '1.', '2015-04-17 00:00:00', ' ', 3422, 50739, 'EDENOR*', 'AV DEL LIBERTADOR  6363', 'CAPITAL FEDERAL', '2015-04-17 00:00:00', '0.00'),
(22, 3110392, 311039, 2, 'DESPACHO', '6015V_NIA', '', '1.', '2015-04-17 00:00:00', ' ', 3422, 50739, 'EDENOR*', 'DEL LIBERTADOR  6363', 'CAPITAL FEDERAL', '2015-04-17 00:00:00', '0.00'),
(23, 3110402, 311040, 2, 'DESPACHO', '6015V_NIA', '', '1.', '2015-04-17 00:00:00', ' ', 3422, 50739, 'EDENOR*', 'DEL  LIBERTADOR 6363  PISO 9', 'CAPITAL FEDERAL', '2015-04-17 00:00:00', '0.00'),
(24, 3110422, 311042, 2, 'DESPACHO', '6015V_NIA', '', '1.', '2015-04-17 00:00:00', ' ', 3422, 50739, 'EDENOR*', 'DEL LIBERTADOR 6363 PISO 12', 'CAPITAL FEDERAL', '2015-04-17 00:00:00', '0.00'),
(25, 3110432, 311043, 2, 'DESPACHO', '6015V_NIA', '', '1.', '2015-04-17 00:00:00', ' ', 3422, 50739, 'EDENOR*', 'DEL LIBERTADOR 6363', 'CAPITAL FEDERAL', '2015-04-17 00:00:00', '0.00'),
(26, 3110442, 311044, 2, 'DESPACHO', '6015V_NIA', '', '1.', '2015-04-17 00:00:00', ' ', 3422, 50739, 'EDENOR*', 'FEDERICO RUSSO 3990', 'GONZALEZ CATAN', '2015-04-17 00:00:00', '0.00'),
(27, 3110452, 311045, 2, 'DESPACHO', '6015V_NIA', '', '1.', '2015-04-17 00:00:00', ' ', 3422, 50739, 'EDENOR*', 'SANTAMARIA 2828  PB', 'SAN JUSTO', '2015-04-17 00:00:00', '0.00'),
(28, 3110472, 311047, 2, 'DESPACHO', '6015V_NIA', '', '1.', '2015-04-17 00:00:00', ' ', 3422, 50739, 'EDENOR*', 'AV .  SANTAMARIA 2828', 'VILLA LYNCH (PDO. GRAL. S', '2015-04-17 00:00:00', '0.00'),
(29, 3110482, 311048, 2, 'DESPACHO', '6015V_NIA', '', '1.', '2015-04-17 00:00:00', ' ', 3422, 50739, 'EDENOR*', 'AZCUENAGA 3548', 'VILLA LYNCH (PDO. GRAL. S', '2015-04-17 00:00:00', '0.00'),
(30, 3117522, 311752, 2, 'D TRADE', '3655V_XA', '', '1', '2015-05-29 00:00:00', ' ', 1963, 50674, 'BCO. PATAGONIA S. A.', 'AV. 51 NRO 635', 'LA PLATA', '2015-05-29 00:00:00', '0.00'),
(31, 3119526, 311952, 6, 'D E x E', '3615V_DNA', '', '1', '2015-06-03 00:00:00', ' ', 9499, 50843, 'GOBIERNO DE LA CIUDAD DE BUENOS AIRES', 'Maipï¿½ 169  P.1', 'CAPITAL FEDERAL', '2015-06-03 00:00:00', '0.00'),
(32, 3120685, 312068, 5, 'D  TRASLADOS', 'W5330V_TA', 'AF1278037', '1', '2015-06-15 00:00:00', ' ', 2851, 50578, 'AEROLINEAS ARGENTINAS S.A.', 'RAFAEL OBLIGADO  T4  GRIS LADO RIO', 'CAPITAL FEDERAL', '2015-06-15 00:00:00', '0.00'),
(33, 3122542, 312254, 2, 'D TRADE', '5550V_DTA', '', '1', '2015-06-23 00:00:00', ' ', 1963, 50674, 'BCO. PATAGONIA S. A.', 'AV. DE MAYO 701', 'CAPITAL FEDERAL', '2015-06-23 00:00:00', '0.00'),
(34, 3122562, 312256, 2, 'D TRADE', '5550V_DTA', '', '1.', '2015-06-23 00:00:00', ' ', 1963, 50674, 'BCO. PATAGONIA S. A.', 'AV. DE MAYO 701 P5', 'CAPITAL FEDERAL', '2015-06-23 00:00:00', '0.00'),
(35, 3123282, 312328, 2, 'D TRADE', 'W5335V_TA', '', '1.', '2015-06-23 00:00:00', ' ', 1963, 50674, 'BCO. PATAGONIA S. A.', 'MAURETE S/N     Y AV. LA ESTACION', 'PUERTO BELGRANO', '2015-06-23 00:00:00', '0.00'),
(36, 3123352, 312335, 2, 'DESPACHO', '3655V_XA', '', '1', '2015-06-23 00:00:00', ' ', 3422, 50739, 'EDENOR*', 'ALCORTA  2558   E.MARCOS PAZ E ITUZAINGO', 'MORENO', '2015-06-23 00:00:00', '0.00'),
(37, 3123382, 312338, 2, 'DESPACHO', '3655V_XA', '', '1', '2015-06-23 00:00:00', ' ', 3422, 50739, 'EDENOR*', 'CONCEPCION ARENAL 4245  PB', 'CAPITAL FEDERAL', '2015-06-23 00:00:00', '0.00'),
(38, 3124382, 312438, 2, 'D TRADE', 'W5335V_TA', '', '1', '2015-06-25 00:00:00', ' ', 1963, 50674, 'BCO. PATAGONIA S. A.', 'SAN MARTIN 302', 'USHUAIA', '2015-06-25 00:00:00', '0.00'),
(39, 3124462, 312446, 2, 'D TRADE', 'W5335V_TA', '', '1', '2015-06-25 00:00:00', ' ', 1963, 50674, 'BCO. PATAGONIA S. A.', '9 DE JULIO            00102', 'TRELEW', '2015-06-25 00:00:00', '0.00'),
(40, 3124722, 312472, 2, 'D TRADE', '3655V_XA', '', '1', '2015-06-25 00:00:00', ' ', 1963, 50674, 'BCO. PATAGONIA S. A.', 'AV. 3DE ABRIL 1049', 'CORRIENTES', '2015-06-25 00:00:00', '0.00'),
(41, 3126383, 312638, 3, 'D  TRASLADOS', '3550V_XA', 'VMX434961', '1', '2015-07-03 00:00:00', ' ', 9499, 50721, 'GOBIERNO DE LA CIUDAD DE BUENOS AIRES', 'AV. VARELA    555', 'CAPITAL FEDERAL', '2015-07-03 00:00:00', '0.00'),
(42, 3131972, 313197, 2, 'D E x E', '6010V_NA', '', '1.', '2015-07-30 00:00:00', ' ', 9499, 50757, 'GOBIERNO DE LA CIUDAD DE BUENOS AIRES', 'Uspallata 3200  PISO 2', 'CAPITAL FEDERAL', '2015-07-30 00:00:00', '0.00'),
(43, 3132542, 313254, 2, 'D E x E', 'W5335V_TA', '', '1', '2015-08-05 00:00:00', ' ', 1963, 50674, 'BCO. PATAGONIA S. A.', '25 DE MAYO  44  PB', 'FORMOSA', '2015-08-05 00:00:00', '0.00'),
(44, 3135662, 313566, 2, 'D  TRASLADOS', '3550V_XA', '3244436225', '1', '2015-08-31 00:00:00', ' ', 503328, 50657, 'LA LEY SA  EDIT. E IMPR.', 'TUCUMAN  1481    04', 'CAPITAL FEDERAL', '2015-08-31 00:00:00', '0.00'),
(45, 3135923, 313592, 3, 'D E x E', '7225V_TW', '', '1.', '2015-09-02 00:00:00', ' ', 3422, 50739, 'EDENOR*', 'AV. ROLON  1049  INVERSIONES Y NNSS', 'SAN ISIDRO', '2015-09-02 00:00:00', '0.00'),
(46, 3138772, 313877, 2, 'D  TRASLADOS', '4622V_DNMA', '3226833705', '1', '2015-09-23 00:00:00', ' ', 3422, 50739, 'EDENOR*', 'Calle de la mï¿½sica s/N', 'MORENO', '2015-09-23 00:00:00', '0.00'),
(47, 3141722, 314172, 2, 'DESPACHO', '8900_SA', 'DA4114949', '1', '2015-10-13 00:00:00', ' ', 2152, 50800, 'HIBU ARGENTINA  SA', 'CHICLANA 251 HOTEL BAHIA', 'ADELA CORTI', '2015-10-13 00:00:00', '0.00'),
(48, 3142382, 314238, 2, 'D  TRASLADOS', '3655V_XA', '3353239600', '1', '2015-10-20 00:00:00', ' ', 3422, 50739, 'EDENOR*', 'LA MUSICA   S/N', 'MORENO', '2015-10-20 00:00:00', '0.00'),
(49, 3142405, 314240, 5, 'D  TRASLADOS', '7225V_TW', 'LX6724928', '1', '2015-10-20 00:00:00', ' ', 3422, 50739, 'EDENOR*', 'LA MUSICA   S/N', 'MORENO', '2015-10-20 00:00:00', '0.00'),
(50, 3143131, 314313, 1, 'DESPACHO', 'YSQA5-001-2S02', '', '1', '2015-10-21 00:00:00', ' ', 9499, 50757, 'GOBIERNO DE LA CIUDAD DE BUENOS AIRES', 'LOS PATOS 3200  ESQ.ATUEL', 'CAPITAL FEDERAL', '2015-10-21 00:00:00', '0.00'),
(51, 3143132, 314313, 2, 'DESPACHO', 'YSQL5-001-2S01', '', '1', '2015-10-21 00:00:00', ' ', 9499, 50757, 'GOBIERNO DE LA CIUDAD DE BUENOS AIRES', 'LOS PATOS 3200  ESQ.ATUEL', 'CAPITAL FEDERAL', '2015-10-21 00:00:00', '0.00'),
(52, 3143812, 314381, 2, 'DESPACHO', 'YSQA50003S03', '', '1', '2015-10-27 00:00:00', ' ', 55401, 50423, 'FCA ARGENTINA S.A.', 'RUTA 9 KM 695', 'CORDOBA', '2015-10-27 00:00:00', '0.00'),
(53, 3143814, 314381, 4, 'DESPACHO', 'YSQL50003S01', '', '1', '2015-10-27 00:00:00', ' ', 55401, 50423, 'FCA ARGENTINA S.A.', 'RUTA 9 KM 695', 'CORDOBA', '2015-10-27 00:00:00', '0.00'),
(54, 3143822, 314382, 2, 'DESPACHO', 'YSQL5-000-3J01', '', '1', '2015-10-27 00:00:00', ' ', 8193, 50787, 'ALLIANZ ARGENTINA CIA DE SEG SA', 'AV. CORRIENTES 299', 'CAPITAL FEDERAL', '2015-10-27 00:00:00', '0.00'),
(55, 3143824, 314382, 4, 'DESPACHO', 'YSQL5-001-3A01', '', '1', '2015-10-27 00:00:00', ' ', 8193, 50787, 'ALLIANZ ARGENTINA CIA DE SEG SA', 'AV. CORRIENTES 299', 'CAPITAL FEDERAL', '2015-10-27 00:00:00', '0.00'),
(56, 3143826, 314382, 6, 'DESPACHO', 'YSQL5-001-3J01', '', '1', '2015-10-27 00:00:00', ' ', 8193, 50787, 'ALLIANZ ARGENTINA CIA DE SEG SA', 'AV. CORRIENTES 299', 'CAPITAL FEDERAL', '2015-10-27 00:00:00', '0.00'),
(57, 3143828, 314382, 8, 'DESPACHO', 'YSQL5-001-3P01', '', '1', '2015-10-27 00:00:00', ' ', 8193, 50787, 'ALLIANZ ARGENTINA CIA DE SEG SA', 'AV. CORRIENTES 299', 'CAPITAL FEDERAL', '2015-10-27 00:00:00', '0.00'),
(58, 3144682, 314468, 2, 'D E x E', '3635MFPV_XA', '', '1', '2015-11-04 00:00:00', ' ', 3770, 50338, 'PROCTER & GAMBLE ARGENTINA SRL', 'PARCELA 3 CALLE 9 NRO 4522', 'PILAR', '2015-11-04 00:00:00', '0.00'),
(59, 3152083, 315208, 3, 'D  TRASLADOS', '3550V_XA', 'VMX437560', '1', '2016-01-08 00:00:00', ' ', 6749, 50570, 'CAJA DE SEGUROS S.A.*', 'ALMIRANTE BROWN 58 (ESQ.GUEMES)', 'RESISTENCIA', '2016-01-08 00:00:00', '0.00'),
(60, 3152102, 315210, 2, 'D  TRASLADOS', '3550V_XA', 'VMX431758', '1', '2016-01-08 00:00:00', ' ', 6749, 50570, 'CAJA DE SEGUROS S.A.*', 'AV. HIPOLITO YRIGOYEN  2669', 'COMODORO RIVADAVIA', '2016-01-08 00:00:00', '0.00'),
(61, 3152712, 315271, 2, 'D  TRASLADOS', '3655V_XA', 'C8X325173', '1', '2016-01-15 00:00:00', ' ', 8193, 50787, 'ALLIANZ ARGENTINA CIA DE SEG SA', 'MAIPU 80- AGENCIA TRES ARROYOS', 'TRES ARROYOS', '2016-01-15 00:00:00', '0.00'),
(62, 3153025, 315302, 5, 'D  TRASLADOS', '7530V_T', 'XKM573731', '1', '2016-01-19 00:00:00', ' ', 4138, 50675, 'ATOS ARGENTINA SA', 'CALLE 122 EX GRAL ROCA 4785 RUTA 8 KM 18', 'VILLA BALLESTER', '2016-01-19 00:00:00', '0.00'),
(63, 31541118, 315411, 18, 'DESPACHO', '3550V_XA', '', '1', '2016-01-27 00:00:00', ' ', 9499, 50843, 'GOBIERNO DE LA CIUDAD DE BUENOS AIRES', 'VARELA  1307', 'CAPITAL FEDERAL', '2016-01-27 00:00:00', '0.00'),
(64, 31541121, 315411, 21, 'DESPACHO', '3550V_XA', '', '1', '2016-01-27 00:00:00', ' ', 9499, 50843, 'GOBIERNO DE LA CIUDAD DE BUENOS AIRES', 'VARELA  1307', 'CAPITAL FEDERAL', '2016-01-27 00:00:00', '0.00'),
(65, 31541124, 315411, 24, 'DESPACHO', '3550V_XA', '', '1', '2016-01-27 00:00:00', ' ', 9499, 50843, 'GOBIERNO DE LA CIUDAD DE BUENOS AIRES', 'VARELA  1307', 'CAPITAL FEDERAL', '2016-01-27 00:00:00', '0.00'),
(66, 31541127, 315411, 27, 'DESPACHO', '3550V_XA', '', '1', '2016-01-27 00:00:00', ' ', 9499, 50843, 'GOBIERNO DE LA CIUDAD DE BUENOS AIRES', 'VARELA  1307', 'CAPITAL FEDERAL', '2016-01-27 00:00:00', '0.00'),
(67, 31541130, 315411, 30, 'DESPACHO', '3550V_XA', '', '1', '2016-01-27 00:00:00', ' ', 9499, 50843, 'GOBIERNO DE LA CIUDAD DE BUENOS AIRES', 'VARELA  1307', 'CAPITAL FEDERAL', '2016-01-27 00:00:00', '0.00'),
(68, 31541133, 315411, 33, 'DESPACHO', '3550V_XA', '', '1', '2016-01-27 00:00:00', ' ', 9499, 50843, 'GOBIERNO DE LA CIUDAD DE BUENOS AIRES', 'VARELA  1307', 'CAPITAL FEDERAL', '2016-01-27 00:00:00', '0.00'),
(69, 31541157, 315411, 57, 'DESPACHO', '3550V_XA', '', '1', '2016-01-27 00:00:00', ' ', 9499, 50843, 'GOBIERNO DE LA CIUDAD DE BUENOS AIRES', 'VARELA  1307', 'CAPITAL FEDERAL', '2016-01-27 00:00:00', '0.00'),
(70, 31541139, 315411, 39, 'DESPACHO', '3550V_XA', '', '1', '2016-01-27 00:00:00', ' ', 9499, 50843, 'GOBIERNO DE LA CIUDAD DE BUENOS AIRES', 'VARELA  1307', 'CAPITAL FEDERAL', '2016-01-27 00:00:00', '0.00'),
(71, 31541142, 315411, 42, 'DESPACHO', '3550V_XA', '', '1', '2016-01-27 00:00:00', ' ', 9499, 50843, 'GOBIERNO DE LA CIUDAD DE BUENOS AIRES', 'VARELA  1307', 'CAPITAL FEDERAL', '2016-01-27 00:00:00', '0.00'),
(72, 31541145, 315411, 45, 'DESPACHO', '3550V_XA', '', '1', '2016-01-27 00:00:00', ' ', 9499, 50843, 'GOBIERNO DE LA CIUDAD DE BUENOS AIRES', 'VARELA  1307', 'CAPITAL FEDERAL', '2016-01-27 00:00:00', '0.00'),
(73, 31541148, 315411, 48, 'DESPACHO', '3550V_XA', '', '1', '2016-01-27 00:00:00', ' ', 9499, 50843, 'GOBIERNO DE LA CIUDAD DE BUENOS AIRES', 'VARELA  1307', 'CAPITAL FEDERAL', '2016-01-27 00:00:00', '0.00'),
(74, 31541151, 315411, 51, 'DESPACHO', '3550V_XA', '', '1', '2016-01-27 00:00:00', ' ', 9499, 50843, 'GOBIERNO DE LA CIUDAD DE BUENOS AIRES', 'VARELA  1307', 'CAPITAL FEDERAL', '2016-01-27 00:00:00', '0.00'),
(75, 31541154, 315411, 54, 'DESPACHO', '3550V_XA', '', '1', '2016-01-27 00:00:00', ' ', 9499, 50843, 'GOBIERNO DE LA CIUDAD DE BUENOS AIRES', 'VARELA  1307', 'CAPITAL FEDERAL', '2016-01-27 00:00:00', '0.00'),
(76, 31541136, 315411, 36, 'DESPACHO', '3550V_XA', '', '1', '2016-01-27 00:00:00', ' ', 9499, 50843, 'GOBIERNO DE LA CIUDAD DE BUENOS AIRES', 'VARELA  1307', 'CAPITAL FEDERAL', '2016-01-27 00:00:00', '0.00'),
(77, 3159203, 315920, 3, 'DESPACHO', '3655V_XA', '', '1', '2016-03-23 00:00:00', ' ', 3422, 50739, 'EDENOR*', 'ALCORTA  2558', 'MORENO', '2016-03-23 00:00:00', '0.00'),
(78, 3159204, 315920, 4, 'DESPACHO', '3655V_XA', '', '1', '2016-03-23 00:00:00', ' ', 3422, 50739, 'EDENOR*', 'ALCORTA  2558', 'MORENO', '2016-03-23 00:00:00', '0.00'),
(79, 31592513, 315925, 13, 'DESPACHO', '3655V_XA', '', '1', '2016-03-23 00:00:00', ' ', 3422, 50739, 'EDENOR*', 'TRONADOR  661', 'CAPITAL FEDERAL', '2016-03-23 00:00:00', '0.00'),
(80, 31592545, 315925, 45, 'DESPACHO', '7225V_TW', '', '1', '2016-03-23 00:00:00', ' ', 3422, 50739, 'EDENOR*', 'TRONADOR  661', 'CAPITAL FEDERAL', '2016-03-23 00:00:00', '0.00'),
(81, 31592515, 315925, 15, 'DESPACHO', '3655V_XA', '', '1', '2016-03-23 00:00:00', ' ', 3422, 50739, 'EDENOR*', 'TRONADOR  661', 'CAPITAL FEDERAL', '2016-03-23 00:00:00', '0.00'),
(82, 31592516, 315925, 16, 'DESPACHO', '3655V_XA', '', '1', '2016-03-23 00:00:00', ' ', 3422, 50739, 'EDENOR*', 'TRONADOR  661', 'CAPITAL FEDERAL', '2016-03-23 00:00:00', '0.00'),
(83, 31592517, 315925, 17, 'DESPACHO', '3655V_XA', '', '1', '2016-03-23 00:00:00', ' ', 3422, 50739, 'EDENOR*', 'TRONADOR  661', 'CAPITAL FEDERAL', '2016-03-23 00:00:00', '0.00'),
(84, 31592518, 315925, 18, 'DESPACHO', '3655V_XA', '', '1', '2016-03-23 00:00:00', ' ', 3422, 50739, 'EDENOR*', 'TRONADOR  661', 'CAPITAL FEDERAL', '2016-03-23 00:00:00', '0.00'),
(85, 31592512, 315925, 12, 'DESPACHO', '3655V_XA', '', '1', '2016-03-23 00:00:00', ' ', 3422, 50739, 'EDENOR*', 'TRONADOR  661', 'CAPITAL FEDERAL', '2016-03-23 00:00:00', '0.00'),
(86, 31592563, 315925, 63, 'DESPACHO', '5550V_NA', 'KNB034499', '1', '2016-03-23 00:00:00', ' ', 3422, 50739, 'EDENOR*', 'TRONADOR  661', 'CAPITAL FEDERAL', '2016-03-23 00:00:00', '0.00'),
(87, 31592514, 315925, 14, 'DESPACHO', '3655V_XA', '', '1', '2016-03-23 00:00:00', ' ', 3422, 50739, 'EDENOR*', 'TRONADOR  661', 'CAPITAL FEDERAL', '2016-03-23 00:00:00', '0.00'),
(88, 31615013, 316150, 13, 'DESPACHO', 'WC5775C_FE', '', '1', '2016-04-15 00:00:00', ' ', 9499, 50721, 'GOBIERNO DE LA CIUDAD DE BUENOS AIRES', 'BARTOLOM MITRE  575', 'CAPITAL FEDERAL', '2016-04-15 00:00:00', '0.00'),
(89, 31615014, 316150, 14, 'DESPACHO', 'WC5775C_FE', '', '1', '2016-04-15 00:00:00', ' ', 9499, 50721, 'GOBIERNO DE LA CIUDAD DE BUENOS AIRES', 'BARTOLOM MITRE  575', 'CAPITAL FEDERAL', '2016-04-15 00:00:00', '0.00'),
(90, 3161509, 316150, 9, 'DESPACHO', 'WC5775C_FE', '', '1', '2016-04-15 00:00:00', ' ', 9499, 50721, 'GOBIERNO DE LA CIUDAD DE BUENOS AIRES', 'BARTOLOM MITRE  575', 'CAPITAL FEDERAL', '2016-04-15 00:00:00', '0.00'),
(91, 31615016, 316150, 16, 'DESPACHO', 'WC5775C_FE', '', '1', '2016-04-15 00:00:00', ' ', 9499, 50721, 'GOBIERNO DE LA CIUDAD DE BUENOS AIRES', 'BARTOLOM MITRE  575', 'CAPITAL FEDERAL', '2016-04-15 00:00:00', '0.00'),
(92, 31615011, 316150, 11, 'DESPACHO', 'WC5775C_FE', '', '1', '2016-04-15 00:00:00', ' ', 9499, 50721, 'GOBIERNO DE LA CIUDAD DE BUENOS AIRES', 'BARTOLOM MITRE  575', 'CAPITAL FEDERAL', '2016-04-15 00:00:00', '0.00'),
(93, 31615012, 316150, 12, 'DESPACHO', 'WC5775C_FE', '', '1', '2016-04-15 00:00:00', ' ', 9499, 50721, 'GOBIERNO DE LA CIUDAD DE BUENOS AIRES', 'BARTOLOM MITRE  575', 'CAPITAL FEDERAL', '2016-04-15 00:00:00', '0.00'),
(94, 31615015, 316150, 15, 'DESPACHO', 'WC5775C_FE', '', '1', '2016-04-15 00:00:00', ' ', 9499, 50721, 'GOBIERNO DE LA CIUDAD DE BUENOS AIRES', 'BARTOLOM MITRE  575', 'CAPITAL FEDERAL', '2016-04-15 00:00:00', '0.00'),
(95, 31615010, 316150, 10, 'DESPACHO', 'WC5775C_FE', '', '1', '2016-04-15 00:00:00', ' ', 9499, 50721, 'GOBIERNO DE LA CIUDAD DE BUENOS AIRES', 'BARTOLOM MITRE  575', 'CAPITAL FEDERAL', '2016-04-15 00:00:00', '0.00'),
(96, 3161518, 316151, 8, 'DESPACHO', 'WC5775C_FE', '', '1', '2016-04-15 00:00:00', ' ', 9499, 50721, 'GOBIERNO DE LA CIUDAD DE BUENOS AIRES', 'BARTOLOME MITRE  575', 'CAPITAL FEDERAL', '2016-04-15 00:00:00', '0.00'),
(97, 3161519, 316151, 9, 'DESPACHO', 'WC5775C_FE', '', '1', '2016-04-15 00:00:00', ' ', 9499, 50721, 'GOBIERNO DE LA CIUDAD DE BUENOS AIRES', 'BARTOLOME MITRE  575', 'CAPITAL FEDERAL', '2016-04-15 00:00:00', '0.00'),
(98, 31615110, 316151, 10, 'DESPACHO', 'WC5775C_FE', '', '1', '2016-04-15 00:00:00', ' ', 9499, 50721, 'GOBIERNO DE LA CIUDAD DE BUENOS AIRES', 'BARTOLOME MITRE  575', 'CAPITAL FEDERAL', '2016-04-15 00:00:00', '0.00'),
(99, 3161516, 316151, 6, 'DESPACHO', 'WC5775C_FE', '', '1', '2016-04-15 00:00:00', ' ', 9499, 50721, 'GOBIERNO DE LA CIUDAD DE BUENOS AIRES', 'BARTOLOME MITRE  575', 'CAPITAL FEDERAL', '2016-04-15 00:00:00', '0.00'),
(100, 3161517, 316151, 7, 'DESPACHO', 'WC5775C_FE', '', '1', '2016-04-15 00:00:00', ' ', 9499, 50721, 'GOBIERNO DE LA CIUDAD DE BUENOS AIRES', 'BARTOLOME MITRE  575', 'CAPITAL FEDERAL', '2016-04-15 00:00:00', '0.00'),
(101, 3161525, 316152, 5, 'DESPACHO', 'WC5775C_FE', '', '1', '2016-04-15 00:00:00', ' ', 9499, 50721, 'GOBIERNO DE LA CIUDAD DE BUENOS AIRES', 'BARTOLOME MITRE  575', 'CAPITAL FEDERAL', '2016-04-15 00:00:00', '0.00'),
(102, 3161522, 316152, 2, 'DESPACHO', 'WC5775C_FE', '', '1', '2016-04-15 00:00:00', ' ', 9499, 50721, 'GOBIERNO DE LA CIUDAD DE BUENOS AIRES', 'BARTOLOME MITRE  575', 'CAPITAL FEDERAL', '2016-04-15 00:00:00', '0.00'),
(103, 3161526, 316152, 6, 'DESPACHO', 'WC5775C_FE', '', '1', '2016-04-15 00:00:00', ' ', 9499, 50721, 'GOBIERNO DE LA CIUDAD DE BUENOS AIRES', 'BARTOLOME MITRE  575', 'CAPITAL FEDERAL', '2016-04-15 00:00:00', '0.00'),
(104, 3161536, 316153, 6, 'DESPACHO', 'WC5775C_FE', '', '1', '2016-04-15 00:00:00', ' ', 9499, 50721, 'GOBIERNO DE LA CIUDAD DE BUENOS AIRES', 'BARTOLOME MITRE  575', 'CAPITAL FEDERAL', '2016-04-15 00:00:00', '0.00'),
(105, 3161535, 316153, 5, 'DESPACHO', 'WC5775C_FE', '', '1', '2016-04-15 00:00:00', ' ', 9499, 50721, 'GOBIERNO DE LA CIUDAD DE BUENOS AIRES', 'BARTOLOME MITRE  575', 'CAPITAL FEDERAL', '2016-04-15 00:00:00', '0.00'),
(106, 3161537, 316153, 7, 'DESPACHO', 'WC5775C_FE', '', '1', '2016-04-15 00:00:00', ' ', 9499, 50721, 'GOBIERNO DE LA CIUDAD DE BUENOS AIRES', 'BARTOLOME MITRE  575', 'CAPITAL FEDERAL', '2016-04-15 00:00:00', '0.00'),
(107, 3161538, 316153, 8, 'DESPACHO', 'WC5775C_FE', '', '1', '2016-04-15 00:00:00', ' ', 9499, 50721, 'GOBIERNO DE LA CIUDAD DE BUENOS AIRES', 'BARTOLOME MITRE  575', 'CAPITAL FEDERAL', '2016-04-15 00:00:00', '0.00'),
(108, 3161692, 316169, 2, 'DESPACHO', '7845V_T', '', '1', '2016-04-18 00:00:00', ' ', 503328, 50657, 'LA LEY SA  EDIT. E IMPR.', 'AV. RIVADAVIA  130', 'AVELLANEDA', '2016-04-18 00:00:00', '0.00'),
(109, 3162212, 316221, 2, 'DESPACHO', '3655V_XA', '', '1', '2016-04-20 00:00:00', ' ', 9499, 50721, 'GOBIERNO DE LA CIUDAD DE BUENOS AIRES', 'AV. ROCA  5252', 'CAPITAL FEDERAL', '2016-04-20 00:00:00', '0.00'),
(110, 3162222, 316222, 2, 'DESPACHO', '3655V_XA', '', '1', '2016-04-20 00:00:00', ' ', 9499, 50721, 'GOBIERNO DE LA CIUDAD DE BUENOS AIRES', 'AV. ROCA 5252', 'CAPITAL FEDERAL', '2016-04-20 00:00:00', '0.00'),
(111, 3162232, 316223, 2, 'DESPACHO', '3655V_XA', '', '1', '2016-04-20 00:00:00', ' ', 9499, 50721, 'GOBIERNO DE LA CIUDAD DE BUENOS AIRES', 'AV. ROCA  5252', 'CAPITAL FEDERAL', '2016-04-20 00:00:00', '0.00'),
(112, 3162262, 316226, 2, 'DESPACHO', '3655V_XA', '', '1', '2016-04-20 00:00:00', ' ', 9499, 50721, 'GOBIERNO DE LA CIUDAD DE BUENOS AIRES', 'AV. ROCA  5252', 'CAPITAL FEDERAL', '2016-04-20 00:00:00', '0.00'),
(113, 3162272, 316227, 2, 'DESPACHO', '3655V_XA', '', '1', '2016-04-20 00:00:00', ' ', 9499, 50721, 'GOBIERNO DE LA CIUDAD DE BUENOS AIRES', 'AV. CORONEL ROCA  5252', 'CAPITAL FEDERAL', '2016-04-20 00:00:00', '0.00'),
(114, 3162542, 316254, 2, 'D E x E', '3615V_DNA', '', '1', '2016-04-22 00:00:00', ' ', 9499, 50843, 'GOBIERNO DE LA CIUDAD DE BUENOS AIRES', 'MONROE 3555   OF.PERSONAL P.1', 'CAPITAL FEDERAL', '2016-04-22 00:00:00', '0.00'),
(115, 3162624, 316262, 4, 'DESPACHO', '3550V_XA', '', '1', '2016-04-22 00:00:00', ' ', 9499, 50721, 'GOBIERNO DE LA CIUDAD DE BUENOS AIRES', 'Chacabuco 1261 - 01 - Edif.C', 'CAPITAL FEDERAL', '2016-04-22 00:00:00', '0.00'),
(116, 3162714, 316271, 4, 'DESPACHO', '3550V_XA', '', '1', '2016-04-22 00:00:00', ' ', 9499, 50721, 'GOBIERNO DE LA CIUDAD DE BUENOS AIRES', 'Araoz de la Madrid  1750  -  DGCACTSV', 'CAPITAL FEDERAL', '2016-04-22 00:00:00', '0.00'),
(117, 3163104, 316310, 4, 'D  TRASLADOS', '7225V_TW', 'LX6721186', '1', '2016-04-26 00:00:00', ' ', 3422, 50739, 'EDENOR*', 'TRONADOR  661', 'CAPITAL FEDERAL', '2016-04-26 00:00:00', '0.00'),
(118, 3164192, 316419, 2, 'D E x E', '3635MFPV_XA', '', '1', '2016-05-05 00:00:00', ' ', 3770, 50338, 'PROCTER & GAMBLE ARGENTINA SRL', 'Calle 9 y 20 parque industrial pilar', 'PILAR', '2016-05-05 00:00:00', '0.00'),
(119, 3164324, 316432, 4, 'DESPACHO', '3550V_XA', '', '1', '2016-05-06 00:00:00', ' ', 9499, 50721, 'GOBIERNO DE LA CIUDAD DE BUENOS AIRES', 'SANCHEZ DE BUSTAMANTE 2529', 'CAPITAL FEDERAL', '2016-05-06 00:00:00', '0.00'),
(120, 31649610, 316496, 10, 'DESPACHO', '5225V_TA', 'KBP570412', '1', '2016-05-12 00:00:00', ' ', 9499, 50721, 'GOBIERNO DE LA CIUDAD DE BUENOS AIRES', 'ESCALADA Y CASTANIARES', 'CAPITAL FEDERAL', '2016-05-12 00:00:00', '0.00'),
(121, 31649710, 316497, 10, 'DESPACHO', '5225V_TA', '', '1', '2016-05-12 00:00:00', ' ', 9499, 50721, 'GOBIERNO DE LA CIUDAD DE BUENOS AIRES', 'CASTANIARES Y ESCALADA', 'CAPITAL FEDERAL', '2016-05-12 00:00:00', '0.00'),
(122, 31649810, 316498, 10, 'DESPACHO', '5225V_TA', '', '1', '2016-05-12 00:00:00', ' ', 9499, 50721, 'GOBIERNO DE LA CIUDAD DE BUENOS AIRES', 'CASTANIARES Y ESCALADA', 'CAPITAL FEDERAL', '2016-05-12 00:00:00', '0.00'),
(123, 31649910, 316499, 10, 'DESPACHO', '5225V_TA', '', '1', '2016-05-12 00:00:00', ' ', 9499, 50721, 'GOBIERNO DE LA CIUDAD DE BUENOS AIRES', 'CASTANIARES Y ESCALADA', 'CAPITAL FEDERAL', '2016-05-12 00:00:00', '0.00'),
(124, 31650010, 316500, 10, 'DESPACHO', '5225V_TA', '', '1', '2016-05-12 00:00:00', ' ', 9499, 50721, 'GOBIERNO DE LA CIUDAD DE BUENOS AIRES', 'CASTANIARES Y ESCALADA', 'CAPITAL FEDERAL', '2016-05-12 00:00:00', '0.00'),
(125, 31650110, 316501, 10, 'DESPACHO', '5225V_TA', '', '1', '2016-05-12 00:00:00', ' ', 9499, 50721, 'GOBIERNO DE LA CIUDAD DE BUENOS AIRES', 'CASTANIARES Y ESCALADA', 'CAPITAL FEDERAL', '2016-05-12 00:00:00', '0.00'),
(126, 3165802, 316580, 2, 'D E x E', '3655V_XA', '', '1', '2016-05-20 00:00:00', ' ', 9499, 50721, 'GOBIERNO DE LA CIUDAD DE BUENOS AIRES', 'BRANDSEN 2570 HTAL MOYANO', 'CAPITAL FEDERAL', '2016-05-20 00:00:00', '0.00'),
(127, 3166944, 316694, 4, 'DESPACHO', '3550V_XA', '', '1', '2016-05-24 00:00:00', ' ', 9499, 50721, 'GOBIERNO DE LA CIUDAD DE BUENOS AIRES', 'RIVADAVIA  524  04  OF.410', 'CAPITAL FEDERAL', '2016-05-24 00:00:00', '0.00'),
(128, 31672113, 316721, 13, 'DESPACHO', '3610V_DNA', '', '1', '2016-05-24 00:00:00', ' ', 4814, 50836, 'SOLVAY INDUPA S.A.I.C.', 'RUTA 205  KM 41.6 - CARLOS SPEGAZZINI E6', 'EZEIZA', '2016-05-24 00:00:00', '0.00'),
(129, 31672114, 316721, 14, 'DESPACHO', '3610V_DNA', '', '1', '2016-05-24 00:00:00', ' ', 4814, 50836, 'SOLVAY INDUPA S.A.I.C.', 'RUTA 205  KM 41.6 - CARLOS SPEGAZZINI E6', 'EZEIZA', '2016-05-24 00:00:00', '0.00'),
(130, 3167218, 316721, 8, 'DESPACHO', '3610V_DNA', '', '1', '2016-05-24 00:00:00', ' ', 4814, 50836, 'SOLVAY INDUPA S.A.I.C.', 'RUTA 205  KM 41.6 - CARLOS SPEGAZZINI E6', 'EZEIZA', '2016-05-24 00:00:00', '0.00'),
(131, 31672112, 316721, 12, 'DESPACHO', '3610V_DNA', '', '1', '2016-05-24 00:00:00', ' ', 4814, 50836, 'SOLVAY INDUPA S.A.I.C.', 'RUTA 205  KM 41.6 - CARLOS SPEGAZZINI E6', 'EZEIZA', '2016-05-24 00:00:00', '0.00'),
(132, 3167219, 316721, 9, 'DESPACHO', '3610V_DNA', '', '1', '2016-05-24 00:00:00', ' ', 4814, 50836, 'SOLVAY INDUPA S.A.I.C.', 'RUTA 205  KM 41.6 - CARLOS SPEGAZZINI E6', 'EZEIZA', '2016-05-24 00:00:00', '0.00'),
(133, 31672110, 316721, 10, 'DESPACHO', '3610V_DNA', '', '1', '2016-05-24 00:00:00', ' ', 4814, 50836, 'SOLVAY INDUPA S.A.I.C.', 'RUTA 205  KM 41.6 - CARLOS SPEGAZZINI E6', 'EZEIZA', '2016-05-24 00:00:00', '0.00'),
(134, 31672111, 316721, 11, 'DESPACHO', '3610V_DNA', '', '1', '2016-05-24 00:00:00', ' ', 4814, 50836, 'SOLVAY INDUPA S.A.I.C.', 'RUTA 205  KM 41.6 - CARLOS SPEGAZZINI E6', 'EZEIZA', '2016-05-24 00:00:00', '0.00'),
(135, 3167243, 316724, 3, 'DESPACHO', '3610V_DNA', '', '1', '2016-05-24 00:00:00', ' ', 4814, 50836, 'SOLVAY INDUPA S.A.I.C.', 'A.M. DE JUSTO  1930  04', 'CAPITAL FEDERAL', '2016-05-24 00:00:00', '0.00'),
(136, 3167244, 316724, 4, 'DESPACHO', '3610V_DNA', '', '1', '2016-05-24 00:00:00', ' ', 4814, 50836, 'SOLVAY INDUPA S.A.I.C.', 'A.M. DE JUSTO  1930  04', 'CAPITAL FEDERAL', '2016-05-24 00:00:00', '0.00'),
(137, 3171275, 317127, 5, 'D  TRASLADOS', 'W5335V_TA', 'AF1925401', '1', '2016-07-01 00:00:00', ' ', 1963, 50674, 'BCO. PATAGONIA S. A.', 'SAN NICOLAS DE BARI OESTE 514/520', 'LA RIOJA', '2016-07-01 00:00:00', '0.00'),
(138, 3172272, 317227, 2, 'D TRADE', 'WC5865C_FE', '', '1', '2016-07-14 00:00:00', ' ', 9499, 50837, 'GOBIERNO DE LA CIUDAD DE BUENOS AIRES', 'AV. MARTIN GARCIA  346', 'CAPITAL FEDERAL', '2016-07-14 00:00:00', '0.00'),
(139, 3172292, 317229, 2, 'D TRADE', 'WC5865C_FE', '', '1', '2016-07-14 00:00:00', ' ', 9499, 50837, 'GOBIERNO DE LA CIUDAD DE BUENOS AIRES', 'AV. MARTIN GARCIA  346', 'CAPITAL FEDERAL', '2016-07-14 00:00:00', '0.00'),
(140, 3172314, 317231, 4, 'D TRADE', 'CQ9303_U', '', '1.', '2016-07-14 00:00:00', ' ', 9499, 50837, 'GOBIERNO DE LA CIUDAD DE BUENOS AIRES', 'AV. MARTIN GARCIA  346', 'CAPITAL FEDERAL', '2016-07-14 00:00:00', '0.00'),
(141, 31729233, 317292, 33, 'DESPACHO', 'YSQL5-000-3J01', '', '1', '2016-07-18 00:00:00', ' ', 8193, 50787, 'ALLIANZ ARGENTINA CIA DE SEG SA', 'CORRIENTES 299', 'CAPITAL FEDERAL', '2016-07-18 00:00:00', '0.00'),
(142, 31729234, 317292, 34, 'DESPACHO', 'YSQL5-000-3J01', '', '1', '2016-07-18 00:00:00', ' ', 8193, 50787, 'ALLIANZ ARGENTINA CIA DE SEG SA', 'CORRIENTES 299', 'CAPITAL FEDERAL', '2016-07-18 00:00:00', '0.00'),
(143, 31729235, 317292, 35, 'DESPACHO', 'YSQL5-000-3J01', '', '1', '2016-07-18 00:00:00', ' ', 8193, 50787, 'ALLIANZ ARGENTINA CIA DE SEG SA', 'CORRIENTES 299', 'CAPITAL FEDERAL', '2016-07-18 00:00:00', '0.00'),
(144, 31729236, 317292, 36, 'DESPACHO', 'YSQL5-000-3J01', '', '1', '2016-07-18 00:00:00', ' ', 8193, 50787, 'ALLIANZ ARGENTINA CIA DE SEG SA', 'CORRIENTES 299', 'CAPITAL FEDERAL', '2016-07-18 00:00:00', '0.00'),
(145, 31729237, 317292, 37, 'DESPACHO', 'YSQL5-000-3J01', '', '1', '2016-07-18 00:00:00', ' ', 8193, 50787, 'ALLIANZ ARGENTINA CIA DE SEG SA', 'CORRIENTES 299', 'CAPITAL FEDERAL', '2016-07-18 00:00:00', '0.00'),
(146, 31729238, 317292, 38, 'DESPACHO', 'YSQL5-000-3J01', '', '1', '2016-07-18 00:00:00', ' ', 8193, 50787, 'ALLIANZ ARGENTINA CIA DE SEG SA', 'CORRIENTES 299', 'CAPITAL FEDERAL', '2016-07-18 00:00:00', '0.00'),
(147, 31729239, 317292, 39, 'DESPACHO', 'YSQL5-000-3J01', '', '1', '2016-07-18 00:00:00', ' ', 8193, 50787, 'ALLIANZ ARGENTINA CIA DE SEG SA', 'CORRIENTES 299', 'CAPITAL FEDERAL', '2016-07-18 00:00:00', '0.00'),
(148, 31729240, 317292, 40, 'DESPACHO', 'YSQL5-000-3J01', '', '1', '2016-07-18 00:00:00', ' ', 8193, 50787, 'ALLIANZ ARGENTINA CIA DE SEG SA', 'CORRIENTES 299', 'CAPITAL FEDERAL', '2016-07-18 00:00:00', '0.00'),
(149, 31729241, 317292, 41, 'DESPACHO', 'YSQL5-000-3J01', '', '1', '2016-07-18 00:00:00', ' ', 8193, 50787, 'ALLIANZ ARGENTINA CIA DE SEG SA', 'CORRIENTES 299', 'CAPITAL FEDERAL', '2016-07-18 00:00:00', '0.00'),
(150, 31729242, 317292, 42, 'DESPACHO', 'YSQL5-000-3J01', '', '1', '2016-07-18 00:00:00', ' ', 8193, 50787, 'ALLIANZ ARGENTINA CIA DE SEG SA', 'CORRIENTES 299', 'CAPITAL FEDERAL', '2016-07-18 00:00:00', '0.00'),
(151, 31729243, 317292, 43, 'DESPACHO', 'YSQL5-000-3J01', '', '1', '2016-07-18 00:00:00', ' ', 8193, 50787, 'ALLIANZ ARGENTINA CIA DE SEG SA', 'CORRIENTES 299', 'CAPITAL FEDERAL', '2016-07-18 00:00:00', '0.00'),
(152, 31729244, 317292, 44, 'DESPACHO', 'YSQL5-000-3J01', '', '1', '2016-07-18 00:00:00', ' ', 8193, 50787, 'ALLIANZ ARGENTINA CIA DE SEG SA', 'CORRIENTES 299', 'CAPITAL FEDERAL', '2016-07-18 00:00:00', '0.00'),
(153, 31729245, 317292, 45, 'DESPACHO', 'YSQL5-000-3J01', '', '1', '2016-07-18 00:00:00', ' ', 8193, 50787, 'ALLIANZ ARGENTINA CIA DE SEG SA', 'CORRIENTES 299', 'CAPITAL FEDERAL', '2016-07-18 00:00:00', '0.00'),
(154, 31729246, 317292, 46, 'DESPACHO', 'YSQL5-000-3J01', '', '1', '2016-07-18 00:00:00', ' ', 8193, 50787, 'ALLIANZ ARGENTINA CIA DE SEG SA', 'CORRIENTES 299', 'CAPITAL FEDERAL', '2016-07-18 00:00:00', '0.00'),
(155, 31729247, 317292, 47, 'DESPACHO', 'YSQL5-000-3J01', '', '1', '2016-07-18 00:00:00', ' ', 8193, 50787, 'ALLIANZ ARGENTINA CIA DE SEG SA', 'CORRIENTES 299', 'CAPITAL FEDERAL', '2016-07-18 00:00:00', '0.00'),
(156, 31729248, 317292, 48, 'DESPACHO', 'YSQL5-000-3J01', '', '1', '2016-07-18 00:00:00', ' ', 8193, 50787, 'ALLIANZ ARGENTINA CIA DE SEG SA', 'CORRIENTES 299', 'CAPITAL FEDERAL', '2016-07-18 00:00:00', '0.00'),
(157, 31729249, 317292, 49, 'DESPACHO', 'YSQL5-000-3J01', '', '1', '2016-07-18 00:00:00', ' ', 8193, 50787, 'ALLIANZ ARGENTINA CIA DE SEG SA', 'CORRIENTES 299', 'CAPITAL FEDERAL', '2016-07-18 00:00:00', '0.00'),
(158, 31729250, 317292, 50, 'DESPACHO', 'YSQL5-000-3J01', '', '1', '2016-07-18 00:00:00', ' ', 8193, 50787, 'ALLIANZ ARGENTINA CIA DE SEG SA', 'CORRIENTES 299', 'CAPITAL FEDERAL', '2016-07-18 00:00:00', '0.00'),
(159, 31729251, 317292, 51, 'DESPACHO', 'YSQL5-000-3J01', '', '1', '2016-07-18 00:00:00', ' ', 8193, 50787, 'ALLIANZ ARGENTINA CIA DE SEG SA', 'CORRIENTES 299', 'CAPITAL FEDERAL', '2016-07-18 00:00:00', '0.00'),
(160, 31729252, 317292, 52, 'DESPACHO', 'YSQL5-000-3J01', '', '1', '2016-07-18 00:00:00', ' ', 8193, 50787, 'ALLIANZ ARGENTINA CIA DE SEG SA', 'CORRIENTES 299', 'CAPITAL FEDERAL', '2016-07-18 00:00:00', '0.00'),
(161, 31729253, 317292, 53, 'DESPACHO', 'YSQL5-000-3J01', '', '1', '2016-07-18 00:00:00', ' ', 8193, 50787, 'ALLIANZ ARGENTINA CIA DE SEG SA', 'CORRIENTES 299', 'CAPITAL FEDERAL', '2016-07-18 00:00:00', '0.00'),
(162, 31729254, 317292, 54, 'DESPACHO', 'YSQL5-000-3J01', '', '1', '2016-07-18 00:00:00', ' ', 8193, 50787, 'ALLIANZ ARGENTINA CIA DE SEG SA', 'CORRIENTES 299', 'CAPITAL FEDERAL', '2016-07-18 00:00:00', '0.00'),
(163, 31729255, 317292, 55, 'DESPACHO', 'YSQL5-000-3J01', '', '1', '2016-07-18 00:00:00', ' ', 8193, 50787, 'ALLIANZ ARGENTINA CIA DE SEG SA', 'CORRIENTES 299', 'CAPITAL FEDERAL', '2016-07-18 00:00:00', '0.00'),
(164, 31729256, 317292, 56, 'DESPACHO', 'YSQL5-000-3J01', '', '1', '2016-07-18 00:00:00', ' ', 8193, 50787, 'ALLIANZ ARGENTINA CIA DE SEG SA', 'CORRIENTES 299', 'CAPITAL FEDERAL', '2016-07-18 00:00:00', '0.00'),
(165, 31729257, 317292, 57, 'DESPACHO', 'YSQL5-000-3J01', '', '1', '2016-07-18 00:00:00', ' ', 8193, 50787, 'ALLIANZ ARGENTINA CIA DE SEG SA', 'CORRIENTES 299', 'CAPITAL FEDERAL', '2016-07-18 00:00:00', '0.00'),
(166, 31729258, 317292, 58, 'DESPACHO', 'YSQL5-000-3J01', '', '1', '2016-07-18 00:00:00', ' ', 8193, 50787, 'ALLIANZ ARGENTINA CIA DE SEG SA', 'CORRIENTES 299', 'CAPITAL FEDERAL', '2016-07-18 00:00:00', '0.00'),
(167, 31729259, 317292, 59, 'DESPACHO', 'YSQL5-000-3J01', '', '1', '2016-07-18 00:00:00', ' ', 8193, 50787, 'ALLIANZ ARGENTINA CIA DE SEG SA', 'CORRIENTES 299', 'CAPITAL FEDERAL', '2016-07-18 00:00:00', '0.00'),
(168, 31729260, 317292, 60, 'DESPACHO', 'YSQL5-000-3J01', '', '1', '2016-07-18 00:00:00', ' ', 8193, 50787, 'ALLIANZ ARGENTINA CIA DE SEG SA', 'CORRIENTES 299', 'CAPITAL FEDERAL', '2016-07-18 00:00:00', '0.00'),
(169, 31729261, 317292, 61, 'DESPACHO', 'YSQL5-000-3J01', '', '1', '2016-07-18 00:00:00', ' ', 8193, 50787, 'ALLIANZ ARGENTINA CIA DE SEG SA', 'CORRIENTES 299', 'CAPITAL FEDERAL', '2016-07-18 00:00:00', '0.00'),
(170, 31729262, 317292, 62, 'DESPACHO', 'YSQL5-000-3J01', '', '1', '2016-07-18 00:00:00', ' ', 8193, 50787, 'ALLIANZ ARGENTINA CIA DE SEG SA', 'CORRIENTES 299', 'CAPITAL FEDERAL', '2016-07-18 00:00:00', '0.00'),
(171, 31729263, 317292, 63, 'DESPACHO', 'YSQL5-000-3J01', '', '1', '2016-07-18 00:00:00', ' ', 8193, 50787, 'ALLIANZ ARGENTINA CIA DE SEG SA', 'CORRIENTES 299', 'CAPITAL FEDERAL', '2016-07-18 00:00:00', '0.00'),
(172, 31729264, 317292, 64, 'DESPACHO', 'YSQL5-000-3J01', '', '1', '2016-07-18 00:00:00', ' ', 8193, 50787, 'ALLIANZ ARGENTINA CIA DE SEG SA', 'CORRIENTES 299', 'CAPITAL FEDERAL', '2016-07-18 00:00:00', '0.00'),
(173, 31729297, 317292, 97, 'DESPACHO', 'YSQL5-001-3A01', '', '1', '2016-07-18 00:00:00', ' ', 8193, 50787, 'ALLIANZ ARGENTINA CIA DE SEG SA', 'CORRIENTES 299', 'CAPITAL FEDERAL', '2016-07-18 00:00:00', '0.00'),
(174, 31729298, 317292, 98, 'DESPACHO', 'YSQL5-001-3A01', '', '1', '2016-07-18 00:00:00', ' ', 8193, 50787, 'ALLIANZ ARGENTINA CIA DE SEG SA', 'CORRIENTES 299', 'CAPITAL FEDERAL', '2016-07-18 00:00:00', '0.00'),
(175, 31729299, 317292, 99, 'DESPACHO', 'YSQL5-001-3A01', '', '1', '2016-07-18 00:00:00', ' ', 8193, 50787, 'ALLIANZ ARGENTINA CIA DE SEG SA', 'CORRIENTES 299', 'CAPITAL FEDERAL', '2016-07-18 00:00:00', '0.00'),
(176, 317292100, 317292, 100, 'DESPACHO', 'YSQL5-001-3A01', '', '1', '2016-07-18 00:00:00', ' ', 8193, 50787, 'ALLIANZ ARGENTINA CIA DE SEG SA', 'CORRIENTES 299', 'CAPITAL FEDERAL', '2016-07-18 00:00:00', '0.00'),
(177, 317292101, 317292, 101, 'DESPACHO', 'YSQL5-001-3A01', '', '1', '2016-07-18 00:00:00', ' ', 8193, 50787, 'ALLIANZ ARGENTINA CIA DE SEG SA', 'CORRIENTES 299', 'CAPITAL FEDERAL', '2016-07-18 00:00:00', '0.00'),
(178, 317292102, 317292, 102, 'DESPACHO', 'YSQL5-001-3A01', '', '1', '2016-07-18 00:00:00', ' ', 8193, 50787, 'ALLIANZ ARGENTINA CIA DE SEG SA', 'CORRIENTES 299', 'CAPITAL FEDERAL', '2016-07-18 00:00:00', '0.00'),
(179, 317292103, 317292, 103, 'DESPACHO', 'YSQL5-001-3A01', '', '1', '2016-07-18 00:00:00', ' ', 8193, 50787, 'ALLIANZ ARGENTINA CIA DE SEG SA', 'CORRIENTES 299', 'CAPITAL FEDERAL', '2016-07-18 00:00:00', '0.00'),
(180, 317292104, 317292, 104, 'DESPACHO', 'YSQL5-001-3A01', '', '1', '2016-07-18 00:00:00', ' ', 8193, 50787, 'ALLIANZ ARGENTINA CIA DE SEG SA', 'CORRIENTES 299', 'CAPITAL FEDERAL', '2016-07-18 00:00:00', '0.00'),
(181, 317292105, 317292, 105, 'DESPACHO', 'YSQL5-001-3A01', '', '1', '2016-07-18 00:00:00', ' ', 8193, 50787, 'ALLIANZ ARGENTINA CIA DE SEG SA', 'CORRIENTES 299', 'CAPITAL FEDERAL', '2016-07-18 00:00:00', '0.00'),
(182, 317292106, 317292, 106, 'DESPACHO', 'YSQL5-001-3A01', '', '1', '2016-07-18 00:00:00', ' ', 8193, 50787, 'ALLIANZ ARGENTINA CIA DE SEG SA', 'CORRIENTES 299', 'CAPITAL FEDERAL', '2016-07-18 00:00:00', '0.00'),
(183, 317292107, 317292, 107, 'DESPACHO', 'YSQL5-001-3A01', '', '1', '2016-07-18 00:00:00', ' ', 8193, 50787, 'ALLIANZ ARGENTINA CIA DE SEG SA', 'CORRIENTES 299', 'CAPITAL FEDERAL', '2016-07-18 00:00:00', '0.00'),
(184, 317292108, 317292, 108, 'DESPACHO', 'YSQL5-001-3A01', '', '1', '2016-07-18 00:00:00', ' ', 8193, 50787, 'ALLIANZ ARGENTINA CIA DE SEG SA', 'CORRIENTES 299', 'CAPITAL FEDERAL', '2016-07-18 00:00:00', '0.00'),
(185, 317292109, 317292, 109, 'DESPACHO', 'YSQL5-001-3A01', '', '1', '2016-07-18 00:00:00', ' ', 8193, 50787, 'ALLIANZ ARGENTINA CIA DE SEG SA', 'CORRIENTES 299', 'CAPITAL FEDERAL', '2016-07-18 00:00:00', '0.00'),
(186, 317292110, 317292, 110, 'DESPACHO', 'YSQL5-001-3A01', '', '1', '2016-07-18 00:00:00', ' ', 8193, 50787, 'ALLIANZ ARGENTINA CIA DE SEG SA', 'CORRIENTES 299', 'CAPITAL FEDERAL', '2016-07-18 00:00:00', '0.00'),
(187, 317292111, 317292, 111, 'DESPACHO', 'YSQL5-001-3A01', '', '1', '2016-07-18 00:00:00', ' ', 8193, 50787, 'ALLIANZ ARGENTINA CIA DE SEG SA', 'CORRIENTES 299', 'CAPITAL FEDERAL', '2016-07-18 00:00:00', '0.00'),
(188, 317292112, 317292, 112, 'DESPACHO', 'YSQL5-001-3A01', '', '1', '2016-07-18 00:00:00', ' ', 8193, 50787, 'ALLIANZ ARGENTINA CIA DE SEG SA', 'CORRIENTES 299', 'CAPITAL FEDERAL', '2016-07-18 00:00:00', '0.00'),
(189, 317292113, 317292, 113, 'DESPACHO', 'YSQL5-001-3A01', '', '1', '2016-07-18 00:00:00', ' ', 8193, 50787, 'ALLIANZ ARGENTINA CIA DE SEG SA', 'CORRIENTES 299', 'CAPITAL FEDERAL', '2016-07-18 00:00:00', '0.00'),
(190, 317292114, 317292, 114, 'DESPACHO', 'YSQL5-001-3A01', '', '1', '2016-07-18 00:00:00', ' ', 8193, 50787, 'ALLIANZ ARGENTINA CIA DE SEG SA', 'CORRIENTES 299', 'CAPITAL FEDERAL', '2016-07-18 00:00:00', '0.00'),
(191, 317292115, 317292, 115, 'DESPACHO', 'YSQL5-001-3A01', '', '1', '2016-07-18 00:00:00', ' ', 8193, 50787, 'ALLIANZ ARGENTINA CIA DE SEG SA', 'CORRIENTES 299', 'CAPITAL FEDERAL', '2016-07-18 00:00:00', '0.00'),
(192, 317292116, 317292, 116, 'DESPACHO', 'YSQL5-001-3A01', '', '1', '2016-07-18 00:00:00', ' ', 8193, 50787, 'ALLIANZ ARGENTINA CIA DE SEG SA', 'CORRIENTES 299', 'CAPITAL FEDERAL', '2016-07-18 00:00:00', '0.00'),
(193, 317292117, 317292, 117, 'DESPACHO', 'YSQL5-001-3A01', '', '1', '2016-07-18 00:00:00', ' ', 8193, 50787, 'ALLIANZ ARGENTINA CIA DE SEG SA', 'CORRIENTES 299', 'CAPITAL FEDERAL', '2016-07-18 00:00:00', '0.00'),
(194, 317292118, 317292, 118, 'DESPACHO', 'YSQL5-001-3A01', '', '1', '2016-07-18 00:00:00', ' ', 8193, 50787, 'ALLIANZ ARGENTINA CIA DE SEG SA', 'CORRIENTES 299', 'CAPITAL FEDERAL', '2016-07-18 00:00:00', '0.00'),
(195, 317292119, 317292, 119, 'DESPACHO', 'YSQL5-001-3A01', '', '1', '2016-07-18 00:00:00', ' ', 8193, 50787, 'ALLIANZ ARGENTINA CIA DE SEG SA', 'CORRIENTES 299', 'CAPITAL FEDERAL', '2016-07-18 00:00:00', '0.00'),
(196, 317292120, 317292, 120, 'DESPACHO', 'YSQL5-001-3A01', '', '1', '2016-07-18 00:00:00', ' ', 8193, 50787, 'ALLIANZ ARGENTINA CIA DE SEG SA', 'CORRIENTES 299', 'CAPITAL FEDERAL', '2016-07-18 00:00:00', '0.00'),
(197, 317292121, 317292, 121, 'DESPACHO', 'YSQL5-001-3A01', '', '1', '2016-07-18 00:00:00', ' ', 8193, 50787, 'ALLIANZ ARGENTINA CIA DE SEG SA', 'CORRIENTES 299', 'CAPITAL FEDERAL', '2016-07-18 00:00:00', '0.00'),
(198, 317292122, 317292, 122, 'DESPACHO', 'YSQL5-001-3A01', '', '1', '2016-07-18 00:00:00', ' ', 8193, 50787, 'ALLIANZ ARGENTINA CIA DE SEG SA', 'CORRIENTES 299', 'CAPITAL FEDERAL', '2016-07-18 00:00:00', '0.00'),
(199, 317292123, 317292, 123, 'DESPACHO', 'YSQL5-001-3A01', '', '1', '2016-07-18 00:00:00', ' ', 8193, 50787, 'ALLIANZ ARGENTINA CIA DE SEG SA', 'CORRIENTES 299', 'CAPITAL FEDERAL', '2016-07-18 00:00:00', '0.00'),
(200, 317292124, 317292, 124, 'DESPACHO', 'YSQL5-001-3A01', '', '1', '2016-07-18 00:00:00', ' ', 8193, 50787, 'ALLIANZ ARGENTINA CIA DE SEG SA', 'CORRIENTES 299', 'CAPITAL FEDERAL', '2016-07-18 00:00:00', '0.00'),
(201, 317292125, 317292, 125, 'DESPACHO', 'YSQL5-001-3A01', '', '1', '2016-07-18 00:00:00', ' ', 8193, 50787, 'ALLIANZ ARGENTINA CIA DE SEG SA', 'CORRIENTES 299', 'CAPITAL FEDERAL', '2016-07-18 00:00:00', '0.00'),
(202, 317292126, 317292, 126, 'DESPACHO', 'YSQL5-001-3A01', '', '1', '2016-07-18 00:00:00', ' ', 8193, 50787, 'ALLIANZ ARGENTINA CIA DE SEG SA', 'CORRIENTES 299', 'CAPITAL FEDERAL', '2016-07-18 00:00:00', '0.00'),
(203, 317292127, 317292, 127, 'DESPACHO', 'YSQL5-001-3A01', '', '1', '2016-07-18 00:00:00', ' ', 8193, 50787, 'ALLIANZ ARGENTINA CIA DE SEG SA', 'CORRIENTES 299', 'CAPITAL FEDERAL', '2016-07-18 00:00:00', '0.00'),
(204, 317292128, 317292, 128, 'DESPACHO', 'YSQL5-001-3A01', '', '1', '2016-07-18 00:00:00', ' ', 8193, 50787, 'ALLIANZ ARGENTINA CIA DE SEG SA', 'CORRIENTES 299', 'CAPITAL FEDERAL', '2016-07-18 00:00:00', '0.00'),
(205, 317292161, 317292, 161, 'DESPACHO', 'YSQL5-001-3J01', '', '1', '2016-07-18 00:00:00', ' ', 8193, 50787, 'ALLIANZ ARGENTINA CIA DE SEG SA', 'CORRIENTES 299', 'CAPITAL FEDERAL', '2016-07-18 00:00:00', '0.00'),
(206, 317292162, 317292, 162, 'DESPACHO', 'YSQL5-001-3J01', '', '1', '2016-07-18 00:00:00', ' ', 8193, 50787, 'ALLIANZ ARGENTINA CIA DE SEG SA', 'CORRIENTES 299', 'CAPITAL FEDERAL', '2016-07-18 00:00:00', '0.00'),
(207, 317292163, 317292, 163, 'DESPACHO', 'YSQL5-001-3J01', '', '1', '2016-07-18 00:00:00', ' ', 8193, 50787, 'ALLIANZ ARGENTINA CIA DE SEG SA', 'CORRIENTES 299', 'CAPITAL FEDERAL', '2016-07-18 00:00:00', '0.00'),
(208, 317292164, 317292, 164, 'DESPACHO', 'YSQL5-001-3J01', '', '1', '2016-07-18 00:00:00', ' ', 8193, 50787, 'ALLIANZ ARGENTINA CIA DE SEG SA', 'CORRIENTES 299', 'CAPITAL FEDERAL', '2016-07-18 00:00:00', '0.00'),
(209, 317292165, 317292, 165, 'DESPACHO', 'YSQL5-001-3J01', '', '1', '2016-07-18 00:00:00', ' ', 8193, 50787, 'ALLIANZ ARGENTINA CIA DE SEG SA', 'CORRIENTES 299', 'CAPITAL FEDERAL', '2016-07-18 00:00:00', '0.00'),
(210, 317292166, 317292, 166, 'DESPACHO', 'YSQL5-001-3J01', '', '1', '2016-07-18 00:00:00', ' ', 8193, 50787, 'ALLIANZ ARGENTINA CIA DE SEG SA', 'CORRIENTES 299', 'CAPITAL FEDERAL', '2016-07-18 00:00:00', '0.00'),
(211, 317292167, 317292, 167, 'DESPACHO', 'YSQL5-001-3J01', '', '1', '2016-07-18 00:00:00', ' ', 8193, 50787, 'ALLIANZ ARGENTINA CIA DE SEG SA', 'CORRIENTES 299', 'CAPITAL FEDERAL', '2016-07-18 00:00:00', '0.00'),
(212, 317292168, 317292, 168, 'DESPACHO', 'YSQL5-001-3J01', '', '1', '2016-07-18 00:00:00', ' ', 8193, 50787, 'ALLIANZ ARGENTINA CIA DE SEG SA', 'CORRIENTES 299', 'CAPITAL FEDERAL', '2016-07-18 00:00:00', '0.00'),
(213, 317292169, 317292, 169, 'DESPACHO', 'YSQL5-001-3J01', '', '1', '2016-07-18 00:00:00', ' ', 8193, 50787, 'ALLIANZ ARGENTINA CIA DE SEG SA', 'CORRIENTES 299', 'CAPITAL FEDERAL', '2016-07-18 00:00:00', '0.00'),
(214, 317292170, 317292, 170, 'DESPACHO', 'YSQL5-001-3J01', '', '1', '2016-07-18 00:00:00', ' ', 8193, 50787, 'ALLIANZ ARGENTINA CIA DE SEG SA', 'CORRIENTES 299', 'CAPITAL FEDERAL', '2016-07-18 00:00:00', '0.00'),
(215, 317292171, 317292, 171, 'DESPACHO', 'YSQL5-001-3J01', '', '1', '2016-07-18 00:00:00', ' ', 8193, 50787, 'ALLIANZ ARGENTINA CIA DE SEG SA', 'CORRIENTES 299', 'CAPITAL FEDERAL', '2016-07-18 00:00:00', '0.00'),
(216, 317292172, 317292, 172, 'DESPACHO', 'YSQL5-001-3J01', '', '1', '2016-07-18 00:00:00', ' ', 8193, 50787, 'ALLIANZ ARGENTINA CIA DE SEG SA', 'CORRIENTES 299', 'CAPITAL FEDERAL', '2016-07-18 00:00:00', '0.00'),
(217, 317292173, 317292, 173, 'DESPACHO', 'YSQL5-001-3J01', '', '1', '2016-07-18 00:00:00', ' ', 8193, 50787, 'ALLIANZ ARGENTINA CIA DE SEG SA', 'CORRIENTES 299', 'CAPITAL FEDERAL', '2016-07-18 00:00:00', '0.00'),
(218, 317292174, 317292, 174, 'DESPACHO', 'YSQL5-001-3J01', '', '1', '2016-07-18 00:00:00', ' ', 8193, 50787, 'ALLIANZ ARGENTINA CIA DE SEG SA', 'CORRIENTES 299', 'CAPITAL FEDERAL', '2016-07-18 00:00:00', '0.00'),
(219, 317292175, 317292, 175, 'DESPACHO', 'YSQL5-001-3J01', '', '1', '2016-07-18 00:00:00', ' ', 8193, 50787, 'ALLIANZ ARGENTINA CIA DE SEG SA', 'CORRIENTES 299', 'CAPITAL FEDERAL', '2016-07-18 00:00:00', '0.00'),
(220, 317292176, 317292, 176, 'DESPACHO', 'YSQL5-001-3J01', '', '1', '2016-07-18 00:00:00', ' ', 8193, 50787, 'ALLIANZ ARGENTINA CIA DE SEG SA', 'CORRIENTES 299', 'CAPITAL FEDERAL', '2016-07-18 00:00:00', '0.00'),
(221, 317292177, 317292, 177, 'DESPACHO', 'YSQL5-001-3J01', '', '1', '2016-07-18 00:00:00', ' ', 8193, 50787, 'ALLIANZ ARGENTINA CIA DE SEG SA', 'CORRIENTES 299', 'CAPITAL FEDERAL', '2016-07-18 00:00:00', '0.00'),
(222, 317292178, 317292, 178, 'DESPACHO', 'YSQL5-001-3J01', '', '1', '2016-07-18 00:00:00', ' ', 8193, 50787, 'ALLIANZ ARGENTINA CIA DE SEG SA', 'CORRIENTES 299', 'CAPITAL FEDERAL', '2016-07-18 00:00:00', '0.00'),
(223, 317292179, 317292, 179, 'DESPACHO', 'YSQL5-001-3J01', '', '1', '2016-07-18 00:00:00', ' ', 8193, 50787, 'ALLIANZ ARGENTINA CIA DE SEG SA', 'CORRIENTES 299', 'CAPITAL FEDERAL', '2016-07-18 00:00:00', '0.00'),
(224, 317292180, 317292, 180, 'DESPACHO', 'YSQL5-001-3J01', '', '1', '2016-07-18 00:00:00', ' ', 8193, 50787, 'ALLIANZ ARGENTINA CIA DE SEG SA', 'CORRIENTES 299', 'CAPITAL FEDERAL', '2016-07-18 00:00:00', '0.00'),
(225, 317292181, 317292, 181, 'DESPACHO', 'YSQL5-001-3J01', '', '1', '2016-07-18 00:00:00', ' ', 8193, 50787, 'ALLIANZ ARGENTINA CIA DE SEG SA', 'CORRIENTES 299', 'CAPITAL FEDERAL', '2016-07-18 00:00:00', '0.00');
INSERT INTO `equipo` (`id`, `identificador`, `orden`, `item`, `tipo`, `modelo`, `serie`, `estado`, `fecha`, `comentario`, `cliente`, `contrato`, `razon_social`, `direccion`, `localidad`, `digitacion`, `precio`) VALUES
(226, 317292182, 317292, 182, 'DESPACHO', 'YSQL5-001-3J01', '', '1', '2016-07-18 00:00:00', ' ', 8193, 50787, 'ALLIANZ ARGENTINA CIA DE SEG SA', 'CORRIENTES 299', 'CAPITAL FEDERAL', '2016-07-18 00:00:00', '0.00'),
(227, 317292183, 317292, 183, 'DESPACHO', 'YSQL5-001-3J01', '', '1', '2016-07-18 00:00:00', ' ', 8193, 50787, 'ALLIANZ ARGENTINA CIA DE SEG SA', 'CORRIENTES 299', 'CAPITAL FEDERAL', '2016-07-18 00:00:00', '0.00'),
(228, 317292184, 317292, 184, 'DESPACHO', 'YSQL5-001-3J01', '', '1', '2016-07-18 00:00:00', ' ', 8193, 50787, 'ALLIANZ ARGENTINA CIA DE SEG SA', 'CORRIENTES 299', 'CAPITAL FEDERAL', '2016-07-18 00:00:00', '0.00'),
(229, 317292185, 317292, 185, 'DESPACHO', 'YSQL5-001-3J01', '', '1', '2016-07-18 00:00:00', ' ', 8193, 50787, 'ALLIANZ ARGENTINA CIA DE SEG SA', 'CORRIENTES 299', 'CAPITAL FEDERAL', '2016-07-18 00:00:00', '0.00'),
(230, 317292186, 317292, 186, 'DESPACHO', 'YSQL5-001-3J01', '', '1', '2016-07-18 00:00:00', ' ', 8193, 50787, 'ALLIANZ ARGENTINA CIA DE SEG SA', 'CORRIENTES 299', 'CAPITAL FEDERAL', '2016-07-18 00:00:00', '0.00'),
(231, 317292187, 317292, 187, 'DESPACHO', 'YSQL5-001-3J01', '', '1', '2016-07-18 00:00:00', ' ', 8193, 50787, 'ALLIANZ ARGENTINA CIA DE SEG SA', 'CORRIENTES 299', 'CAPITAL FEDERAL', '2016-07-18 00:00:00', '0.00'),
(232, 317292188, 317292, 188, 'DESPACHO', 'YSQL5-001-3J01', '', '1', '2016-07-18 00:00:00', ' ', 8193, 50787, 'ALLIANZ ARGENTINA CIA DE SEG SA', 'CORRIENTES 299', 'CAPITAL FEDERAL', '2016-07-18 00:00:00', '0.00'),
(233, 317292189, 317292, 189, 'DESPACHO', 'YSQL5-001-3J01', '', '1', '2016-07-18 00:00:00', ' ', 8193, 50787, 'ALLIANZ ARGENTINA CIA DE SEG SA', 'CORRIENTES 299', 'CAPITAL FEDERAL', '2016-07-18 00:00:00', '0.00'),
(234, 317292190, 317292, 190, 'DESPACHO', 'YSQL5-001-3J01', '', '1', '2016-07-18 00:00:00', ' ', 8193, 50787, 'ALLIANZ ARGENTINA CIA DE SEG SA', 'CORRIENTES 299', 'CAPITAL FEDERAL', '2016-07-18 00:00:00', '0.00'),
(235, 317292191, 317292, 191, 'DESPACHO', 'YSQL5-001-3J01', '', '1', '2016-07-18 00:00:00', ' ', 8193, 50787, 'ALLIANZ ARGENTINA CIA DE SEG SA', 'CORRIENTES 299', 'CAPITAL FEDERAL', '2016-07-18 00:00:00', '0.00'),
(236, 317292192, 317292, 192, 'DESPACHO', 'YSQL5-001-3J01', '', '1', '2016-07-18 00:00:00', ' ', 8193, 50787, 'ALLIANZ ARGENTINA CIA DE SEG SA', 'CORRIENTES 299', 'CAPITAL FEDERAL', '2016-07-18 00:00:00', '0.00'),
(237, 317292225, 317292, 225, 'DESPACHO', 'YSQL5-001-3P01', '', '1', '2016-07-18 00:00:00', ' ', 8193, 50787, 'ALLIANZ ARGENTINA CIA DE SEG SA', 'CORRIENTES 299', 'CAPITAL FEDERAL', '2016-07-18 00:00:00', '0.00'),
(238, 317292226, 317292, 226, 'DESPACHO', 'YSQL5-001-3P01', '', '1', '2016-07-18 00:00:00', ' ', 8193, 50787, 'ALLIANZ ARGENTINA CIA DE SEG SA', 'CORRIENTES 299', 'CAPITAL FEDERAL', '2016-07-18 00:00:00', '0.00'),
(239, 317292227, 317292, 227, 'DESPACHO', 'YSQL5-001-3P01', '', '1', '2016-07-18 00:00:00', ' ', 8193, 50787, 'ALLIANZ ARGENTINA CIA DE SEG SA', 'CORRIENTES 299', 'CAPITAL FEDERAL', '2016-07-18 00:00:00', '0.00'),
(240, 317292228, 317292, 228, 'DESPACHO', 'YSQL5-001-3P01', '', '1', '2016-07-18 00:00:00', ' ', 8193, 50787, 'ALLIANZ ARGENTINA CIA DE SEG SA', 'CORRIENTES 299', 'CAPITAL FEDERAL', '2016-07-18 00:00:00', '0.00'),
(241, 317292229, 317292, 229, 'DESPACHO', 'YSQL5-001-3P01', '', '1', '2016-07-18 00:00:00', ' ', 8193, 50787, 'ALLIANZ ARGENTINA CIA DE SEG SA', 'CORRIENTES 299', 'CAPITAL FEDERAL', '2016-07-18 00:00:00', '0.00'),
(242, 317292230, 317292, 230, 'DESPACHO', 'YSQL5-001-3P01', '', '1', '2016-07-18 00:00:00', ' ', 8193, 50787, 'ALLIANZ ARGENTINA CIA DE SEG SA', 'CORRIENTES 299', 'CAPITAL FEDERAL', '2016-07-18 00:00:00', '0.00'),
(243, 317292231, 317292, 231, 'DESPACHO', 'YSQL5-001-3P01', '', '1', '2016-07-18 00:00:00', ' ', 8193, 50787, 'ALLIANZ ARGENTINA CIA DE SEG SA', 'CORRIENTES 299', 'CAPITAL FEDERAL', '2016-07-18 00:00:00', '0.00'),
(244, 317292232, 317292, 232, 'DESPACHO', 'YSQL5-001-3P01', '', '1', '2016-07-18 00:00:00', ' ', 8193, 50787, 'ALLIANZ ARGENTINA CIA DE SEG SA', 'CORRIENTES 299', 'CAPITAL FEDERAL', '2016-07-18 00:00:00', '0.00'),
(245, 317292233, 317292, 233, 'DESPACHO', 'YSQL5-001-3P01', '', '1', '2016-07-18 00:00:00', ' ', 8193, 50787, 'ALLIANZ ARGENTINA CIA DE SEG SA', 'CORRIENTES 299', 'CAPITAL FEDERAL', '2016-07-18 00:00:00', '0.00'),
(246, 317292234, 317292, 234, 'DESPACHO', 'YSQL5-001-3P01', '', '1', '2016-07-18 00:00:00', ' ', 8193, 50787, 'ALLIANZ ARGENTINA CIA DE SEG SA', 'CORRIENTES 299', 'CAPITAL FEDERAL', '2016-07-18 00:00:00', '0.00'),
(247, 317292235, 317292, 235, 'DESPACHO', 'YSQL5-001-3P01', '', '1', '2016-07-18 00:00:00', ' ', 8193, 50787, 'ALLIANZ ARGENTINA CIA DE SEG SA', 'CORRIENTES 299', 'CAPITAL FEDERAL', '2016-07-18 00:00:00', '0.00'),
(248, 317292236, 317292, 236, 'DESPACHO', 'YSQL5-001-3P01', '', '1', '2016-07-18 00:00:00', ' ', 8193, 50787, 'ALLIANZ ARGENTINA CIA DE SEG SA', 'CORRIENTES 299', 'CAPITAL FEDERAL', '2016-07-18 00:00:00', '0.00'),
(249, 317292237, 317292, 237, 'DESPACHO', 'YSQL5-001-3P01', '', '1', '2016-07-18 00:00:00', ' ', 8193, 50787, 'ALLIANZ ARGENTINA CIA DE SEG SA', 'CORRIENTES 299', 'CAPITAL FEDERAL', '2016-07-18 00:00:00', '0.00'),
(250, 317292238, 317292, 238, 'DESPACHO', 'YSQL5-001-3P01', '', '1', '2016-07-18 00:00:00', ' ', 8193, 50787, 'ALLIANZ ARGENTINA CIA DE SEG SA', 'CORRIENTES 299', 'CAPITAL FEDERAL', '2016-07-18 00:00:00', '0.00'),
(251, 317292239, 317292, 239, 'DESPACHO', 'YSQL5-001-3P01', '', '1', '2016-07-18 00:00:00', ' ', 8193, 50787, 'ALLIANZ ARGENTINA CIA DE SEG SA', 'CORRIENTES 299', 'CAPITAL FEDERAL', '2016-07-18 00:00:00', '0.00'),
(252, 317292240, 317292, 240, 'DESPACHO', 'YSQL5-001-3P01', '', '1', '2016-07-18 00:00:00', ' ', 8193, 50787, 'ALLIANZ ARGENTINA CIA DE SEG SA', 'CORRIENTES 299', 'CAPITAL FEDERAL', '2016-07-18 00:00:00', '0.00'),
(253, 317292241, 317292, 241, 'DESPACHO', 'YSQL5-001-3P01', '', '1', '2016-07-18 00:00:00', ' ', 8193, 50787, 'ALLIANZ ARGENTINA CIA DE SEG SA', 'CORRIENTES 299', 'CAPITAL FEDERAL', '2016-07-18 00:00:00', '0.00'),
(254, 317292242, 317292, 242, 'DESPACHO', 'YSQL5-001-3P01', '', '1', '2016-07-18 00:00:00', ' ', 8193, 50787, 'ALLIANZ ARGENTINA CIA DE SEG SA', 'CORRIENTES 299', 'CAPITAL FEDERAL', '2016-07-18 00:00:00', '0.00'),
(255, 317292243, 317292, 243, 'DESPACHO', 'YSQL5-001-3P01', '', '1', '2016-07-18 00:00:00', ' ', 8193, 50787, 'ALLIANZ ARGENTINA CIA DE SEG SA', 'CORRIENTES 299', 'CAPITAL FEDERAL', '2016-07-18 00:00:00', '0.00'),
(256, 317292244, 317292, 244, 'DESPACHO', 'YSQL5-001-3P01', '', '1', '2016-07-18 00:00:00', ' ', 8193, 50787, 'ALLIANZ ARGENTINA CIA DE SEG SA', 'CORRIENTES 299', 'CAPITAL FEDERAL', '2016-07-18 00:00:00', '0.00'),
(257, 317292245, 317292, 245, 'DESPACHO', 'YSQL5-001-3P01', '', '1', '2016-07-18 00:00:00', ' ', 8193, 50787, 'ALLIANZ ARGENTINA CIA DE SEG SA', 'CORRIENTES 299', 'CAPITAL FEDERAL', '2016-07-18 00:00:00', '0.00'),
(258, 317292246, 317292, 246, 'DESPACHO', 'YSQL5-001-3P01', '', '1', '2016-07-18 00:00:00', ' ', 8193, 50787, 'ALLIANZ ARGENTINA CIA DE SEG SA', 'CORRIENTES 299', 'CAPITAL FEDERAL', '2016-07-18 00:00:00', '0.00'),
(259, 317292247, 317292, 247, 'DESPACHO', 'YSQL5-001-3P01', '', '1', '2016-07-18 00:00:00', ' ', 8193, 50787, 'ALLIANZ ARGENTINA CIA DE SEG SA', 'CORRIENTES 299', 'CAPITAL FEDERAL', '2016-07-18 00:00:00', '0.00'),
(260, 317292248, 317292, 248, 'DESPACHO', 'YSQL5-001-3P01', '', '1', '2016-07-18 00:00:00', ' ', 8193, 50787, 'ALLIANZ ARGENTINA CIA DE SEG SA', 'CORRIENTES 299', 'CAPITAL FEDERAL', '2016-07-18 00:00:00', '0.00'),
(261, 317292249, 317292, 249, 'DESPACHO', 'YSQL5-001-3P01', '', '1', '2016-07-18 00:00:00', ' ', 8193, 50787, 'ALLIANZ ARGENTINA CIA DE SEG SA', 'CORRIENTES 299', 'CAPITAL FEDERAL', '2016-07-18 00:00:00', '0.00'),
(262, 317292250, 317292, 250, 'DESPACHO', 'YSQL5-001-3P01', '', '1', '2016-07-18 00:00:00', ' ', 8193, 50787, 'ALLIANZ ARGENTINA CIA DE SEG SA', 'CORRIENTES 299', 'CAPITAL FEDERAL', '2016-07-18 00:00:00', '0.00'),
(263, 317292251, 317292, 251, 'DESPACHO', 'YSQL5-001-3P01', '', '1', '2016-07-18 00:00:00', ' ', 8193, 50787, 'ALLIANZ ARGENTINA CIA DE SEG SA', 'CORRIENTES 299', 'CAPITAL FEDERAL', '2016-07-18 00:00:00', '0.00'),
(264, 317292252, 317292, 252, 'DESPACHO', 'YSQL5-001-3P01', '', '1', '2016-07-18 00:00:00', ' ', 8193, 50787, 'ALLIANZ ARGENTINA CIA DE SEG SA', 'CORRIENTES 299', 'CAPITAL FEDERAL', '2016-07-18 00:00:00', '0.00'),
(265, 317292253, 317292, 253, 'DESPACHO', 'YSQL5-001-3P01', '', '1', '2016-07-18 00:00:00', ' ', 8193, 50787, 'ALLIANZ ARGENTINA CIA DE SEG SA', 'CORRIENTES 299', 'CAPITAL FEDERAL', '2016-07-18 00:00:00', '0.00'),
(266, 317292254, 317292, 254, 'DESPACHO', 'YSQL5-001-3P01', '', '1', '2016-07-18 00:00:00', ' ', 8193, 50787, 'ALLIANZ ARGENTINA CIA DE SEG SA', 'CORRIENTES 299', 'CAPITAL FEDERAL', '2016-07-18 00:00:00', '0.00'),
(267, 317292255, 317292, 255, 'DESPACHO', 'YSQL5-001-3P01', '', '1', '2016-07-18 00:00:00', ' ', 8193, 50787, 'ALLIANZ ARGENTINA CIA DE SEG SA', 'CORRIENTES 299', 'CAPITAL FEDERAL', '2016-07-18 00:00:00', '0.00'),
(268, 317292256, 317292, 256, 'DESPACHO', 'YSQL5-001-3P01', '', '1', '2016-07-18 00:00:00', ' ', 8193, 50787, 'ALLIANZ ARGENTINA CIA DE SEG SA', 'CORRIENTES 299', 'CAPITAL FEDERAL', '2016-07-18 00:00:00', '0.00'),
(269, 3173062, 317306, 2, 'DESPACHO', '6027V_NIA', 'P8A423711', '1', '2016-07-19 00:00:00', ' ', 3422, 50739, 'EDENOR*', 'TRONADOR  661', 'CAPITAL FEDERAL', '2016-07-19 00:00:00', '0.00'),
(270, 3173072, 317307, 2, 'DESPACHO', '6027V_NIA', '', '1', '2016-07-19 00:00:00', ' ', 3422, 50739, 'EDENOR*', 'TRONADOR  661', 'CAPITAL FEDERAL', '2016-07-19 00:00:00', '0.00'),
(271, 3173082, 317308, 2, 'DESPACHO', '6027V_NIA', '', '1', '2016-07-19 00:00:00', ' ', 3422, 50739, 'EDENOR*', 'TRONADOR  661', 'CAPITAL FEDERAL', '2016-07-19 00:00:00', '0.00'),
(272, 3173092, 317309, 2, 'DESPACHO', '6027V_NIA', '', '1', '2016-07-19 00:00:00', ' ', 3422, 50739, 'EDENOR*', 'TRONADOR  661', 'CAPITAL FEDERAL', '2016-07-19 00:00:00', '0.00'),
(273, 3173102, 317310, 2, 'DESPACHO', '6027V_NIA', '', '1', '2016-07-19 00:00:00', ' ', 3422, 50739, 'EDENOR*', 'TRONADOR  661', 'CAPITAL FEDERAL', '2016-07-19 00:00:00', '0.00'),
(274, 3178852, 317885, 2, 'D TRADE', '3320V_DNIA', '', '1', '2016-08-03 00:00:00', ' ', 1963, 50674, 'BCO. PATAGONIA S. A.', 'AV. DE MAYO  701    19', 'CAPITAL FEDERAL', '2016-08-03 00:00:00', '0.00'),
(275, 3179342, 317934, 2, 'D TRADE', '3225V_DNIA', '', '1', '2016-08-09 00:00:00', ' ', 9499, 50843, 'GOBIERNO DE LA CIUDAD DE BUENOS AIRES', 'Chacabuco 1271 - 01 - Edif.C - DGCACTSV', 'CAPITAL FEDERAL', '2016-08-09 00:00:00', '0.00'),
(276, 3179654, 317965, 4, 'D TRADE', '3550V_XA', '', '1', '2016-08-09 00:00:00', ' ', 9499, 50843, 'GOBIERNO DE LA CIUDAD DE BUENOS AIRES', 'USPALLATA  3200', 'CAPITAL FEDERAL', '2016-08-09 00:00:00', '0.00'),
(277, 3180395, 318039, 5, 'D TRADE', 'W5330V_TA', '', '1', '2016-08-09 00:00:00', ' ', 9499, 50843, 'GOBIERNO DE LA CIUDAD DE BUENOS AIRES', 'CERVIï¿½O  3356   P5', 'CAPITAL FEDERAL', '2016-08-09 00:00:00', '0.00'),
(278, 3180425, 318042, 5, 'D TRADE', 'W5330V_TA', '', '1', '2016-08-09 00:00:00', ' ', 9499, 50843, 'GOBIERNO DE LA CIUDAD DE BUENOS AIRES', 'Ricardo Gutierrez 3254', 'CAPITAL FEDERAL', '2016-08-09 00:00:00', '0.00'),
(279, 3180445, 318044, 5, 'D TRADE', 'W5330V_TA', '', '1', '2016-08-09 00:00:00', ' ', 9499, 50843, 'GOBIERNO DE LA CIUDAD DE BUENOS AIRES', 'GRAL URQUIZA  609  REG.CIVIL', 'CAPITAL FEDERAL', '2016-08-09 00:00:00', '0.00'),
(280, 3180465, 318046, 5, 'D TRADE', 'W5330V_TA', '', '1', '2016-08-09 00:00:00', ' ', 9499, 50843, 'GOBIERNO DE LA CIUDAD DE BUENOS AIRES', 'CARLOS CALVO  3325 Circunscripciï¿½n Nï¿½ 5', 'CAPITAL FEDERAL', '2016-08-09 00:00:00', '0.00'),
(281, 3180484, 318048, 4, 'D TRADE', '5230V_TA', '', '1', '2016-08-09 00:00:00', ' ', 9499, 50843, 'GOBIERNO DE LA CIUDAD DE BUENOS AIRES', 'Av.Alte. Brown 240 SECRETARIA DE GUARDIA', 'CAPITAL FEDERAL', '2016-08-09 00:00:00', '0.00'),
(282, 3180504, 318050, 4, 'D TRADE', '5230V_TA', '', '1', '2016-08-09 00:00:00', ' ', 9499, 50843, 'GOBIERNO DE LA CIUDAD DE BUENOS AIRES', 'RAMON CARRILLO 375 HTAL BORDA', 'CAPITAL FEDERAL', '2016-08-09 00:00:00', '0.00'),
(283, 3180524, 318052, 4, 'D TRADE', '5230V_TA', '', '1', '2016-08-09 00:00:00', ' ', 9499, 50843, 'GOBIERNO DE LA CIUDAD DE BUENOS AIRES', 'AV. DIAZ VELEZ 5044 P4 IMPRENTA  H.DURAN', 'CAPITAL FEDERAL', '2016-08-09 00:00:00', '0.00'),
(284, 3180544, 318054, 4, 'D TRADE', '5230V_TA', '', '1', '2016-08-09 00:00:00', ' ', 9499, 50843, 'GOBIERNO DE LA CIUDAD DE BUENOS AIRES', 'AV. DIAZ VELEZ 5044 HTAL DURAND', 'CAPITAL FEDERAL', '2016-08-09 00:00:00', '0.00'),
(285, 3180564, 318056, 4, 'D TRADE', '5230V_TA', '', '1', '2016-08-09 00:00:00', ' ', 9499, 50843, 'GOBIERNO DE LA CIUDAD DE BUENOS AIRES', 'DR. ENRIQUE FINOCHIETTO 849 PISO 1', 'CAPITAL FEDERAL', '2016-08-09 00:00:00', '0.00'),
(286, 3180584, 318058, 4, 'D TRADE', '5230V_TA', '', '1', '2016-08-09 00:00:00', ' ', 9499, 50843, 'GOBIERNO DE LA CIUDAD DE BUENOS AIRES', 'DR. ENRIQUE FINOCHIETTO 849 PISO 1', 'CAPITAL FEDERAL', '2016-08-09 00:00:00', '0.00'),
(287, 3180602, 318060, 2, 'D TRADE', '3325V_DNIA', '', '1', '2016-08-09 00:00:00', ' ', 9499, 50843, 'GOBIERNO DE LA CIUDAD DE BUENOS AIRES', 'Piedras 1260 Edificio C 1ï¿½ piso', 'CAPITAL FEDERAL', '2016-08-09 00:00:00', '0.00'),
(288, 3180622, 318062, 2, 'D TRADE', '3325V_DNIA', '', '1', '2016-08-09 00:00:00', ' ', 9499, 50843, 'GOBIERNO DE LA CIUDAD DE BUENOS AIRES', 'ENTRE RIOS 1492  P.2 OFICINA 205', 'CAPITAL FEDERAL', '2016-08-09 00:00:00', '0.00'),
(289, 3180644, 318064, 4, 'D TRADE', '5230V_TA', '', '1', '2016-08-09 00:00:00', ' ', 9499, 50843, 'GOBIERNO DE LA CIUDAD DE BUENOS AIRES', 'PILAR 950 DESPACHO HTAL SANTOJANI', 'CAPITAL FEDERAL', '2016-08-09 00:00:00', '0.00'),
(290, 3180662, 318066, 2, 'D TRADE', '3325V_DNIA', '', '1', '2016-08-09 00:00:00', ' ', 9499, 50843, 'GOBIERNO DE LA CIUDAD DE BUENOS AIRES', 'AV. ENTRE RIOS 1492', 'CAPITAL FEDERAL', '2016-08-09 00:00:00', '0.00'),
(291, 3180682, 318068, 2, 'D TRADE', '3325V_DNIA', '', '1', '2016-08-09 00:00:00', ' ', 9499, 50843, 'GOBIERNO DE LA CIUDAD DE BUENOS AIRES', 'ARAOZ LAMADRID 1750 DIR.GRAL.SEG.VIAL', 'CAPITAL FEDERAL', '2016-08-09 00:00:00', '0.00'),
(292, 3180704, 318070, 4, 'D TRADE', '5230V_TA', '', '1', '2016-08-09 00:00:00', ' ', 9499, 50843, 'GOBIERNO DE LA CIUDAD DE BUENOS AIRES', 'PILAR 950 FACTURACION HTAL SANTOJANI', 'CAPITAL FEDERAL', '2016-08-09 00:00:00', '0.00'),
(293, 3180722, 318072, 2, 'D TRADE', '3325V_DNIA', '', '1', '2016-08-09 00:00:00', ' ', 9499, 50843, 'GOBIERNO DE LA CIUDAD DE BUENOS AIRES', 'AV. REG. PATRICIOS 1142 P3 AUD.INTERNA', 'CAPITAL FEDERAL', '2016-08-09 00:00:00', '0.00'),
(294, 3180744, 318074, 4, 'D TRADE', '3550V_XA', '', '1', '2016-08-09 00:00:00', ' ', 9499, 50843, 'GOBIERNO DE LA CIUDAD DE BUENOS AIRES', 'Av.Amancio Alcorta 1402 1ï¿½ P', 'CAPITAL FEDERAL', '2016-08-09 00:00:00', '0.00'),
(295, 3180764, 318076, 4, 'D TRADE', '5230V_TA', '', '1', '2016-08-09 00:00:00', ' ', 9499, 50843, 'GOBIERNO DE LA CIUDAD DE BUENOS AIRES', 'ESTEBAN DE LUCA 2151 PB ARCHIVO', 'CAPITAL FEDERAL', '2016-08-09 00:00:00', '0.00'),
(296, 3180782, 318078, 2, 'D TRADE', '3615V_DNA', '', '1', '2016-08-09 00:00:00', ' ', 9499, 50843, 'GOBIERNO DE LA CIUDAD DE BUENOS AIRES', 'MONASTERIO 480 1ï¿½ PISO', 'CAPITAL FEDERAL', '2016-08-09 00:00:00', '0.00'),
(297, 3180802, 318080, 2, 'D TRADE', '3325V_DNIA', '', '1', '2016-08-09 00:00:00', ' ', 9499, 50843, 'GOBIERNO DE LA CIUDAD DE BUENOS AIRES', 'Entre Rios 1285 Bajo autopista', 'CAPITAL FEDERAL', '2016-08-09 00:00:00', '0.00'),
(298, 3180822, 318082, 2, 'D TRADE', '3615V_DNA', '', '1', '2016-08-09 00:00:00', ' ', 9499, 50843, 'GOBIERNO DE LA CIUDAD DE BUENOS AIRES', 'AV. WARNES 2630 HTAL ALVEAR', 'CAPITAL FEDERAL', '2016-08-09 00:00:00', '0.00'),
(299, 3180844, 318084, 4, 'D TRADE', '5230V_TA', '', '1', '2016-08-09 00:00:00', ' ', 9499, 50843, 'GOBIERNO DE LA CIUDAD DE BUENOS AIRES', 'Piedras 1281| Grupos Comunitarios 1ï¿½ P.', 'CAPITAL FEDERAL', '2016-08-09 00:00:00', '0.00'),
(300, 3180862, 318086, 2, 'D TRADE', '3325V_DNIA', '', '1', '2016-08-09 00:00:00', ' ', 9499, 50843, 'GOBIERNO DE LA CIUDAD DE BUENOS AIRES', 'Av. Garay 799 SUBSECRETARIA 3ERA EDAD', 'CAPITAL FEDERAL', '2016-08-09 00:00:00', '0.00'),
(301, 3180882, 318088, 2, 'D TRADE', '3615V_DNA', '', '1', '2016-08-09 00:00:00', ' ', 9499, 50843, 'GOBIERNO DE LA CIUDAD DE BUENOS AIRES', 'AV. WARNES 2630 HTAL ALVEAR GUARDIA', 'CAPITAL FEDERAL', '2016-08-09 00:00:00', '0.00'),
(302, 3180904, 318090, 4, 'D TRADE', '5230V_TA', '', '1', '2016-08-09 00:00:00', ' ', 9499, 50843, 'GOBIERNO DE LA CIUDAD DE BUENOS AIRES', 'SALGUERO 979 D|GRAL.CIUDADANIA PORTEï¿½A', 'CAPITAL FEDERAL', '2016-08-09 00:00:00', '0.00'),
(303, 3180922, 318092, 2, 'D TRADE', '3325V_DNIA', '', '1', '2016-08-09 00:00:00', ' ', 9499, 50843, 'GOBIERNO DE LA CIUDAD DE BUENOS AIRES', 'AV. ALTE. BROWN 240 P.4 DIVISIï¿½N CIRUGIA', 'CAPITAL FEDERAL', '2016-08-09 00:00:00', '0.00'),
(304, 3180944, 318094, 4, 'D TRADE', '5230V_TA', '', '1', '2016-08-09 00:00:00', ' ', 9499, 50843, 'GOBIERNO DE LA CIUDAD DE BUENOS AIRES', 'AV ENTRE RIOS 1492 Sector Personal  OF17', 'CAPITAL FEDERAL', '2016-08-09 00:00:00', '0.00'),
(305, 3180962, 318096, 2, 'D TRADE', '3325V_DNIA', '', '1', '2016-08-09 00:00:00', ' ', 9499, 50843, 'GOBIERNO DE LA CIUDAD DE BUENOS AIRES', 'AV. BELGRANO 858 Oficina del Director Ge', 'CAPITAL FEDERAL', '2016-08-09 00:00:00', '0.00'),
(306, 3180984, 318098, 4, 'D TRADE', '5230V_TA', '', '1', '2016-08-09 00:00:00', ' ', 9499, 50843, 'GOBIERNO DE LA CIUDAD DE BUENOS AIRES', 'AV. DE MAYO 575 2ï¿½ PISO OFICINA 209', 'CAPITAL FEDERAL', '2016-08-09 00:00:00', '0.00'),
(307, 3181002, 318100, 2, 'D TRADE', '3325V_DNIA', '', '1', '2016-08-09 00:00:00', ' ', 9499, 50843, 'GOBIERNO DE LA CIUDAD DE BUENOS AIRES', 'ALMIRANTE BROWN  240  Trasplante Renal', 'CAPITAL FEDERAL', '2016-08-09 00:00:00', '0.00'),
(308, 3181024, 318102, 4, 'D TRADE', '5230V_TA', '', '1', '2016-08-09 00:00:00', ' ', 9499, 50843, 'GOBIERNO DE LA CIUDAD DE BUENOS AIRES', 'AV. DE MAYO 575 PB OF. 16 SUBDIR COMPRAS', 'CAPITAL FEDERAL', '2016-08-09 00:00:00', '0.00'),
(309, 3181042, 318104, 2, 'D TRADE', '3325V_DNIA', '', '1', '2016-08-09 00:00:00', ' ', 9499, 50843, 'GOBIERNO DE LA CIUDAD DE BUENOS AIRES', 'Av. Almirante Brown 240  PB', 'CAPITAL FEDERAL', '2016-08-09 00:00:00', '0.00'),
(310, 3181062, 318106, 2, 'D TRADE', '3325V_DNIA', '', '1', '2016-08-09 00:00:00', ' ', 9499, 50843, 'GOBIERNO DE LA CIUDAD DE BUENOS AIRES', 'MEXICO 1661 PISO 2ï¿½  ZONALES', 'CAPITAL FEDERAL', '2016-08-09 00:00:00', '0.00'),
(311, 3181084, 318108, 4, 'D TRADE', '5230V_TA', '', '1', '2016-08-09 00:00:00', ' ', 9499, 50843, 'GOBIERNO DE LA CIUDAD DE BUENOS AIRES', 'AV.DE MAYO 575 PB OF 16 SUB.CONTRATOS', 'CAPITAL FEDERAL', '2016-08-09 00:00:00', '0.00'),
(312, 3181104, 318110, 4, 'D TRADE', '5230V_TA', '', '1', '2016-08-09 00:00:00', ' ', 9499, 50843, 'GOBIERNO DE LA CIUDAD DE BUENOS AIRES', 'AV.DE MAYO 575  02 OF.209', 'CAPITAL FEDERAL', '2016-08-09 00:00:00', '0.00'),
(313, 3181122, 318112, 2, 'D TRADE', '3325V_DNIA', '', '1', '2016-08-09 00:00:00', ' ', 9499, 50843, 'GOBIERNO DE LA CIUDAD DE BUENOS AIRES', 'Piedras 1281  P.1  Serv.Social Zonal Nï¿½1', 'CAPITAL FEDERAL', '2016-08-09 00:00:00', '0.00'),
(314, 3181142, 318114, 2, 'D TRADE', '3325V_DNIA', '', '1', '2016-08-09 00:00:00', ' ', 9499, 50843, 'GOBIERNO DE LA CIUDAD DE BUENOS AIRES', 'RAMON CARRILLO 375 DIRECCION', 'CAPITAL FEDERAL', '2016-08-09 00:00:00', '0.00'),
(315, 3181164, 318116, 4, 'D TRADE', '5230V_TA', '', '1', '2016-08-09 00:00:00', ' ', 9499, 50843, 'GOBIERNO DE LA CIUDAD DE BUENOS AIRES', 'AV.RIVADAVIA 524    P3 OF 315', 'CAPITAL FEDERAL', '2016-08-09 00:00:00', '0.00'),
(316, 3181182, 318118, 2, 'D TRADE', '3325V_DNIA', '', '1', '2016-08-09 00:00:00', ' ', 9499, 50843, 'GOBIERNO DE LA CIUDAD DE BUENOS AIRES', 'AV. DE MAYO 575 5ï¿½P OF 505 COM.CONS. PAT', 'CAPITAL FEDERAL', '2016-08-09 00:00:00', '0.00'),
(317, 3181204, 318120, 4, 'D TRADE', '5230V_TA', '', '1', '2016-08-09 00:00:00', ' ', 9499, 50843, 'GOBIERNO DE LA CIUDAD DE BUENOS AIRES', 'EMILIO CASTRO 7680 PB AREA DG Y COMPRAS ', 'CAPITAL FEDERAL', '2016-08-09 00:00:00', '0.00'),
(318, 3181222, 318122, 2, 'D TRADE', '3325V_DNIA', '', '1', '2016-08-09 00:00:00', ' ', 9499, 50843, 'GOBIERNO DE LA CIUDAD DE BUENOS AIRES', 'MUï¿½IZ 15  PB    OBRA SOCIAL', 'CAPITAL FEDERAL', '2016-08-09 00:00:00', '0.00'),
(319, 3181244, 318124, 4, 'D TRADE', '5230V_TA', '', '1', '2016-08-09 00:00:00', ' ', 9499, 50843, 'GOBIERNO DE LA CIUDAD DE BUENOS AIRES', 'Av De MAyo 525  1ï¿½   Ofiicna 128 A', 'CAPITAL FEDERAL', '2016-08-09 00:00:00', '0.00'),
(320, 3181262, 318126, 2, 'D TRADE', '3325V_DNIA', '', '1', '2016-08-09 00:00:00', ' ', 9499, 50843, 'GOBIERNO DE LA CIUDAD DE BUENOS AIRES', 'AV. DE MAYO 575  OFICINA 404| 4TO PISO', 'CAPITAL FEDERAL', '2016-08-09 00:00:00', '0.00'),
(321, 3181282, 318128, 2, 'D TRADE', '3325V_DNIA', '', '1', '2016-08-09 00:00:00', ' ', 9499, 50843, 'GOBIERNO DE LA CIUDAD DE BUENOS AIRES', 'MUï¿½IZ  15  5ï¿½ PISO   FACTURACION', 'CAPITAL FEDERAL', '2016-08-09 00:00:00', '0.00'),
(322, 3181304, 318130, 4, 'D TRADE', '5230V_TA', '', '1', '2016-08-09 00:00:00', ' ', 9499, 50843, 'GOBIERNO DE LA CIUDAD DE BUENOS AIRES', 'AV.RIVADAVIA 524  P1 OF 141', 'CAPITAL FEDERAL', '2016-08-09 00:00:00', '0.00'),
(323, 3181324, 318132, 4, 'D TRADE', '5230V_TA', '', '1', '2016-08-09 00:00:00', ' ', 9499, 50843, 'GOBIERNO DE LA CIUDAD DE BUENOS AIRES', 'URUGUAY 466 P9  OF.196', 'CAPITAL FEDERAL', '2016-08-09 00:00:00', '0.00'),
(324, 3181342, 318134, 2, 'D TRADE', '3615V_DNA', '', '1', '2016-08-09 00:00:00', ' ', 9499, 50843, 'GOBIERNO DE LA CIUDAD DE BUENOS AIRES', 'MUï¿½IZ 15   7ï¿½ PISO  TESORERIA', 'CAPITAL FEDERAL', '2016-08-09 00:00:00', '0.00'),
(325, 3181362, 318136, 2, 'D TRADE', '3325V_DNIA', '', '1', '2016-08-09 00:00:00', ' ', 9499, 50843, 'GOBIERNO DE LA CIUDAD DE BUENOS AIRES', 'AV.DE MAYO 575  PISO 4ï¿½ OFIC 402', 'CAPITAL FEDERAL', '2016-08-09 00:00:00', '0.00'),
(326, 3181384, 318138, 4, 'D TRADE', '5230V_TA', '', '1', '2016-08-09 00:00:00', ' ', 9499, 50843, 'GOBIERNO DE LA CIUDAD DE BUENOS AIRES', 'URUGUAY 466 P9  OF.196', 'CAPITAL FEDERAL', '2016-08-09 00:00:00', '0.00'),
(327, 3181402, 318140, 2, 'D TRADE', '3325V_DNIA', '', '1', '2016-08-09 00:00:00', ' ', 9499, 50843, 'GOBIERNO DE LA CIUDAD DE BUENOS AIRES', 'AV. DIAZ VELEZ 5044 GERENCIA OPERATIVA P', 'CAPITAL FEDERAL', '2016-08-09 00:00:00', '0.00'),
(328, 3181422, 318142, 2, 'D TRADE', '3615V_DNA', '', '1', '2016-08-09 00:00:00', ' ', 9499, 50843, 'GOBIERNO DE LA CIUDAD DE BUENOS AIRES', 'AV.DE MAYO 575  P5 OF 501 REG.PROM CULTU', 'CAPITAL FEDERAL', '2016-08-09 00:00:00', '0.00'),
(329, 3181444, 318144, 4, 'D TRADE', '5230V_TA', '', '1', '2016-08-09 00:00:00', ' ', 9499, 50843, 'GOBIERNO DE LA CIUDAD DE BUENOS AIRES', 'URUGUAY 466 P9  OF.196', 'CAPITAL FEDERAL', '2016-08-09 00:00:00', '0.00'),
(330, 3181462, 318146, 2, 'D TRADE', '3325V_DNIA', '', '1', '2016-08-09 00:00:00', ' ', 9499, 50843, 'GOBIERNO DE LA CIUDAD DE BUENOS AIRES', 'AV. DIAZ VELEZ 5044 DEPTO COMPRAS', 'CAPITAL FEDERAL', '2016-08-09 00:00:00', '0.00'),
(331, 3181484, 318148, 4, 'D TRADE', '5230V_TA', '', '1', '2016-08-09 00:00:00', ' ', 9499, 50843, 'GOBIERNO DE LA CIUDAD DE BUENOS AIRES', 'URUGUAY 466 P9  OF.196', 'CAPITAL FEDERAL', '2016-08-09 00:00:00', '0.00'),
(332, 3181502, 318150, 2, 'D TRADE', '3615V_DNA', '', '1', '2016-08-09 00:00:00', ' ', 9499, 50843, 'GOBIERNO DE LA CIUDAD DE BUENOS AIRES', 'AV. DIAZ VELEZ 5044 SS-PABELLï¿½N CENTRAL', 'CAPITAL FEDERAL', '2016-08-09 00:00:00', '0.00'),
(333, 3181524, 318152, 4, 'D TRADE', '5230V_TA', '', '1', '2016-08-09 00:00:00', ' ', 9499, 50843, 'GOBIERNO DE LA CIUDAD DE BUENOS AIRES', 'SANTIAGO DE COMPOSTELA 3801', 'CAPITAL FEDERAL', '2016-08-09 00:00:00', '0.00'),
(334, 3181542, 318154, 2, 'D TRADE', '3325V_DNIA', '', '1', '2016-08-09 00:00:00', ' ', 9499, 50843, 'GOBIERNO DE LA CIUDAD DE BUENOS AIRES', 'AV. DIAZ VELEZ 5044 FACTURACIï¿½N', 'CAPITAL FEDERAL', '2016-08-09 00:00:00', '0.00'),
(335, 3181564, 318156, 4, 'D TRADE', '5230V_TA', '', '1', '2016-08-09 00:00:00', ' ', 9499, 50843, 'GOBIERNO DE LA CIUDAD DE BUENOS AIRES', 'SANTIAGO DE COMPOSTELA 3801', 'CAPITAL FEDERAL', '2016-08-09 00:00:00', '0.00'),
(336, 3181584, 318158, 4, 'D TRADE', '5230V_TA', '', '1', '2016-08-09 00:00:00', ' ', 9499, 50843, 'GOBIERNO DE LA CIUDAD DE BUENOS AIRES', 'SANTIAGO DE COMPOSTELA 3801 SEC GRAL', 'CAPITAL FEDERAL', '2016-08-09 00:00:00', '0.00'),
(337, 3181604, 318160, 4, 'D TRADE', '5230V_TA', '', '1', '2016-08-09 00:00:00', ' ', 9499, 50843, 'GOBIERNO DE LA CIUDAD DE BUENOS AIRES', 'Santiago de Compostela 3801', 'CAPITAL FEDERAL', '2016-08-09 00:00:00', '0.00'),
(338, 3181622, 318162, 2, 'D TRADE', '3615V_DNA', '', '1', '2016-08-09 00:00:00', ' ', 9499, 50843, 'GOBIERNO DE LA CIUDAD DE BUENOS AIRES', 'GALLO 1330 FARMACIA HTAL GUTIERREZ', 'CAPITAL FEDERAL', '2016-08-09 00:00:00', '0.00'),
(339, 3181644, 318164, 4, 'D TRADE', '5230V_TA', '', '1', '2016-08-09 00:00:00', ' ', 9499, 50843, 'GOBIERNO DE LA CIUDAD DE BUENOS AIRES', 'SANTIAGO DE COMPOSTELA 3801', 'CAPITAL FEDERAL', '2016-08-09 00:00:00', '0.00'),
(340, 3181664, 318166, 4, 'D TRADE', '5230V_TA', '', '1', '2016-08-09 00:00:00', ' ', 9499, 50843, 'GOBIERNO DE LA CIUDAD DE BUENOS AIRES', 'SANTIAGO DE COMPOSTELA 3801', 'CAPITAL FEDERAL', '2016-08-09 00:00:00', '0.00'),
(341, 3181682, 318168, 2, 'D TRADE', '3615V_DNA', '', '1', '2016-08-09 00:00:00', ' ', 9499, 50843, 'GOBIERNO DE LA CIUDAD DE BUENOS AIRES', 'GALLO 1330 FACTURACION HTAL GUTIERREZ', 'CAPITAL FEDERAL', '2016-08-09 00:00:00', '0.00'),
(342, 3181704, 318170, 4, 'D TRADE', '5230V_TA', '', '1', '2016-08-09 00:00:00', ' ', 9499, 50843, 'GOBIERNO DE LA CIUDAD DE BUENOS AIRES', 'MANUEL GARCIA 465', 'CAPITAL FEDERAL', '2016-08-09 00:00:00', '0.00'),
(343, 3181722, 318172, 2, 'D TRADE', '3325V_DNIA', '', '1', '2016-08-09 00:00:00', ' ', 9499, 50843, 'GOBIERNO DE LA CIUDAD DE BUENOS AIRES', 'Sï¿½nchez de Bustamante 1399', 'CAPITAL FEDERAL', '2016-08-09 00:00:00', '0.00'),
(344, 3181742, 318174, 2, 'D TRADE', '3325V_DNIA', '', '1', '2016-08-09 00:00:00', ' ', 9499, 50843, 'GOBIERNO DE LA CIUDAD DE BUENOS AIRES', 'JUAN B. JUSTO 4151', 'CAPITAL FEDERAL', '2016-08-09 00:00:00', '0.00'),
(345, 3181762, 318176, 2, 'D TRADE', '3615V_DNA', '', '1', '2016-08-09 00:00:00', ' ', 9499, 50843, 'GOBIERNO DE LA CIUDAD DE BUENOS AIRES', 'BRANDSEN 2570 HTAL MOYANO', 'CAPITAL FEDERAL', '2016-08-09 00:00:00', '0.00'),
(346, 3181782, 318178, 2, 'D TRADE', '3615V_DNA', '', '1', '2016-08-09 00:00:00', ' ', 9499, 50843, 'GOBIERNO DE LA CIUDAD DE BUENOS AIRES', 'BRANDSEN 2570 HTAL MOYANO', 'CAPITAL FEDERAL', '2016-08-09 00:00:00', '0.00'),
(347, 3181804, 318180, 4, 'D TRADE', '5230V_TA', '', '1', '2016-08-09 00:00:00', ' ', 9499, 50843, 'GOBIERNO DE LA CIUDAD DE BUENOS AIRES', 'AV. CASTAï¿½ARES Y ESCALADA - PQUE INDOAME', 'CAPITAL FEDERAL', '2016-08-09 00:00:00', '0.00'),
(348, 3181824, 318182, 4, 'D TRADE', '5230V_TA', '', '1', '2016-08-09 00:00:00', ' ', 9499, 50843, 'GOBIERNO DE LA CIUDAD DE BUENOS AIRES', 'Castaï¿½ares 4390', 'CAPITAL FEDERAL', '2016-08-09 00:00:00', '0.00'),
(349, 3181842, 318184, 2, 'D TRADE', '3325V_DNIA', '', '1', '2016-08-09 00:00:00', ' ', 9499, 50843, 'GOBIERNO DE LA CIUDAD DE BUENOS AIRES', 'BRANDSEN 2570 HTAL MOYANO', 'CAPITAL FEDERAL', '2016-08-09 00:00:00', '0.00'),
(350, 3181864, 318186, 4, 'D TRADE', '5230V_TA', '', '1', '2016-08-09 00:00:00', ' ', 9499, 50843, 'GOBIERNO DE LA CIUDAD DE BUENOS AIRES', 'Av.  Belgrano 1429', 'CAPITAL FEDERAL', '2016-08-09 00:00:00', '0.00'),
(351, 3181882, 318188, 2, 'D TRADE', '3615V_DNA', '', '1', '2016-08-09 00:00:00', ' ', 9499, 50843, 'GOBIERNO DE LA CIUDAD DE BUENOS AIRES', 'AV. DE MAYO 575  OFICINA 401 - DIGYME', 'CAPITAL FEDERAL', '2016-08-09 00:00:00', '0.00'),
(352, 3181902, 318190, 2, 'D TRADE', '3615V_DNA', '', '1', '2016-08-09 00:00:00', ' ', 9499, 50843, 'GOBIERNO DE LA CIUDAD DE BUENOS AIRES', 'BRANDSEN 2570 HTAL MOYANO', 'CAPITAL FEDERAL', '2016-08-09 00:00:00', '0.00'),
(353, 3181924, 318192, 4, 'D TRADE', '5230V_TA', '', '1', '2016-08-09 00:00:00', ' ', 9499, 50843, 'GOBIERNO DE LA CIUDAD DE BUENOS AIRES', 'Castaï¿½ares 4390  PB', 'CAPITAL FEDERAL', '2016-08-09 00:00:00', '0.00'),
(354, 3181944, 318194, 4, 'D TRADE', '5230V_TA', '', '1', '2016-08-09 00:00:00', ' ', 9499, 50843, 'GOBIERNO DE LA CIUDAD DE BUENOS AIRES', 'AV.CASTANARES  4390 Direcciï¿½n Gestiï¿½n Am', 'CAPITAL FEDERAL', '2016-08-09 00:00:00', '0.00'),
(355, 3181962, 318196, 2, 'D TRADE', '3325V_DNIA', '', '1', '2016-08-09 00:00:00', ' ', 9499, 50843, 'GOBIERNO DE LA CIUDAD DE BUENOS AIRES', 'BRANDSEN 2570 HTAL MOYANO', 'CAPITAL FEDERAL', '2016-08-09 00:00:00', '0.00'),
(356, 3181984, 318198, 4, 'D TRADE', '5230V_TA', '', '1', '2016-08-09 00:00:00', ' ', 9499, 50843, 'GOBIERNO DE LA CIUDAD DE BUENOS AIRES', 'AV.ESCALADA 4502-DIREC.OPER.GESTIONTECN.', 'CAPITAL FEDERAL', '2016-08-09 00:00:00', '0.00'),
(357, 3182002, 318200, 2, 'D TRADE', '3325V_DNIA', '', '1', '2016-08-09 00:00:00', ' ', 9499, 50843, 'GOBIERNO DE LA CIUDAD DE BUENOS AIRES', 'AV.RIVADAVIA 524  3ï¿½P OF.304/305', 'CAPITAL FEDERAL', '2016-08-09 00:00:00', '0.00'),
(358, 3182022, 318202, 2, 'D TRADE', '3325V_DNIA', '', '1', '2016-08-09 00:00:00', ' ', 9499, 50843, 'GOBIERNO DE LA CIUDAD DE BUENOS AIRES', 'BRANDSEN 2570 HTAL MOYANO', 'CAPITAL FEDERAL', '2016-08-09 00:00:00', '0.00'),
(359, 3182042, 318204, 2, 'D TRADE', '3325V_DNIA', '', '1', '2016-08-09 00:00:00', ' ', 9499, 50843, 'GOBIERNO DE LA CIUDAD DE BUENOS AIRES', 'AV.RIVADAVIA 524   P1 OF 132 B', 'CAPITAL FEDERAL', '2016-08-09 00:00:00', '0.00'),
(360, 3182062, 318206, 2, 'D TRADE', '3615V_DNA', '', '1', '2016-08-09 00:00:00', ' ', 9499, 50843, 'GOBIERNO DE LA CIUDAD DE BUENOS AIRES', 'BRANDSEN 2570 HTAL MOYANO SECTOR P', 'CAPITAL FEDERAL', '2016-08-09 00:00:00', '0.00'),
(361, 3182082, 318208, 2, 'D TRADE', '3325V_DNIA', '', '1', '2016-08-09 00:00:00', ' ', 9499, 50843, 'GOBIERNO DE LA CIUDAD DE BUENOS AIRES', 'Pedro Chutro 3380 P.3', 'CAPITAL FEDERAL', '2016-08-09 00:00:00', '0.00'),
(362, 3182102, 318210, 2, 'D TRADE', '3325V_DNIA', '', '1', '2016-08-09 00:00:00', ' ', 9499, 50843, 'GOBIERNO DE LA CIUDAD DE BUENOS AIRES', 'Pedro Chutro 3380 PB GUARDIA', 'CAPITAL FEDERAL', '2016-08-09 00:00:00', '0.00'),
(363, 3182122, 318212, 2, 'D TRADE', '3325V_DNIA', '', '1', '2016-08-09 00:00:00', ' ', 9499, 50843, 'GOBIERNO DE LA CIUDAD DE BUENOS AIRES', 'AV.RIVADAVIA 524  P1 OF 128', 'CAPITAL FEDERAL', '2016-08-09 00:00:00', '0.00'),
(364, 3182142, 318214, 2, 'D TRADE', '3610V_DNA', '', '1', '2016-08-09 00:00:00', ' ', 9499, 50843, 'GOBIERNO DE LA CIUDAD DE BUENOS AIRES', 'Htal Penna GCBA. (Almafuerte y Pedro Chu', 'CAPITAL FEDERAL', '2016-08-09 00:00:00', '0.00'),
(365, 3182164, 318216, 4, 'D TRADE', '3550V_XA', '', '1', '2016-08-09 00:00:00', ' ', 9499, 50843, 'GOBIERNO DE LA CIUDAD DE BUENOS AIRES', 'AV.RIVADAVIA 524   01', 'CAPITAL FEDERAL', '2016-08-09 00:00:00', '0.00'),
(366, 3182182, 318218, 2, 'D TRADE', '3615V_DNA', '', '1', '2016-08-09 00:00:00', ' ', 9499, 50843, 'GOBIERNO DE LA CIUDAD DE BUENOS AIRES', 'Av. Almafuerte 406  P.3', 'CAPITAL FEDERAL', '2016-08-09 00:00:00', '0.00'),
(367, 3182202, 318220, 2, 'D TRADE', '3325V_DNIA', '', '1', '2016-08-09 00:00:00', ' ', 9499, 50843, 'GOBIERNO DE LA CIUDAD DE BUENOS AIRES', 'Pedro Chutro 3380 3ï¿½ Divisiï¿½n Estadï¿½stic', 'CAPITAL FEDERAL', '2016-08-09 00:00:00', '0.00'),
(368, 3182222, 318222, 2, 'D TRADE', '3325V_DNIA', '', '1', '2016-08-09 00:00:00', ' ', 9499, 50843, 'GOBIERNO DE LA CIUDAD DE BUENOS AIRES', 'URUGUAY 466 P9  OF.196', 'CAPITAL FEDERAL', '2016-08-09 00:00:00', '0.00'),
(369, 3182242, 318224, 2, 'D TRADE', '3325V_DNIA', '', '1', '2016-08-09 00:00:00', ' ', 9499, 50843, 'GOBIERNO DE LA CIUDAD DE BUENOS AIRES', 'Pedro Chutro 3380 3ï¿½ Dpto. Facturacion', 'CAPITAL FEDERAL', '2016-08-09 00:00:00', '0.00'),
(370, 3182262, 318226, 2, 'D TRADE', '3325V_DNIA', '', '1', '2016-08-09 00:00:00', ' ', 9499, 50843, 'GOBIERNO DE LA CIUDAD DE BUENOS AIRES', 'MAIPU 374  PISO  2', 'CAPITAL FEDERAL', '2016-08-09 00:00:00', '0.00'),
(371, 3182282, 318228, 2, 'D TRADE', '3615V_DNA', '', '1', '2016-08-09 00:00:00', ' ', 9499, 50843, 'GOBIERNO DE LA CIUDAD DE BUENOS AIRES', 'MONROE 3555  OF. GUARDIA', 'CAPITAL FEDERAL', '2016-08-09 00:00:00', '0.00'),
(372, 3182302, 318230, 2, 'D TRADE', '3615V_DNA', '', '1', '2016-08-09 00:00:00', ' ', 9499, 50843, 'GOBIERNO DE LA CIUDAD DE BUENOS AIRES', 'Maipï¿½ 374 2ï¿½ piso SS de Estrategia y Des', 'CAPITAL FEDERAL', '2016-08-09 00:00:00', '0.00'),
(373, 3182324, 318232, 4, 'D TRADE', '5230V_TA', '', '1', '2016-08-09 00:00:00', ' ', 9499, 50843, 'GOBIERNO DE LA CIUDAD DE BUENOS AIRES', 'AV.ESCALADA 4502-UGIS DIR.OPER.DE ASIST.', 'CAPITAL FEDERAL', '2016-08-09 00:00:00', '0.00'),
(374, 3182342, 318234, 2, 'D TRADE', '3325V_DNIA', '', '1', '2016-08-09 00:00:00', ' ', 9499, 50843, 'GOBIERNO DE LA CIUDAD DE BUENOS AIRES', 'MONROE 3555 DTO.DIAGNOSTICO Y TRATAMIENT', 'CAPITAL FEDERAL', '2016-08-09 00:00:00', '0.00'),
(375, 3182362, 318236, 2, 'D TRADE', '3615V_DNA', '', '1', '2016-08-09 00:00:00', ' ', 9499, 50843, 'GOBIERNO DE LA CIUDAD DE BUENOS AIRES', 'Cochabamba 1575 2ï¿½ Piso', 'CAPITAL FEDERAL', '2016-08-09 00:00:00', '0.00'),
(376, 3182384, 318238, 4, 'D TRADE', '5230V_TA', '', '1', '2016-08-09 00:00:00', ' ', 9499, 50843, 'GOBIERNO DE LA CIUDAD DE BUENOS AIRES', 'JEAN JAURES 970 PB COORDINACION', 'CAPITAL FEDERAL', '2016-08-09 00:00:00', '0.00'),
(377, 3182402, 318240, 2, 'D TRADE', '3615V_DNA', '', '1', '2016-08-09 00:00:00', ' ', 9499, 50843, 'GOBIERNO DE LA CIUDAD DE BUENOS AIRES', 'MONROE 3555   DESPACHO', 'CAPITAL FEDERAL', '2016-08-09 00:00:00', '0.00'),
(378, 3182424, 318242, 4, 'D TRADE', '5230V_TA', '', '1', '2016-08-09 00:00:00', ' ', 9499, 50843, 'GOBIERNO DE LA CIUDAD DE BUENOS AIRES', 'JEAN JAURES 970 PB COORDINACION', 'CAPITAL FEDERAL', '2016-08-09 00:00:00', '0.00'),
(379, 3182442, 318244, 2, 'D TRADE', '3325V_DNIA', '', '1', '2016-08-09 00:00:00', ' ', 9499, 50843, 'GOBIERNO DE LA CIUDAD DE BUENOS AIRES', 'RIVADAVIA 611 P. 10 SUB.DER.HUMANOS Y PL', 'CAPITAL FEDERAL', '2016-08-09 00:00:00', '0.00'),
(380, 3182464, 318246, 4, 'D TRADE', '5230V_TA', '', '1', '2016-08-09 00:00:00', ' ', 9499, 50843, 'GOBIERNO DE LA CIUDAD DE BUENOS AIRES', 'GUZMAN 780 REG CIVIL DEFUNCIONES', 'CAPITAL FEDERAL', '2016-08-09 00:00:00', '0.00'),
(381, 3182482, 318248, 2, 'D TRADE', '3615V_DNA', '', '1', '2016-08-09 00:00:00', ' ', 9499, 50843, 'GOBIERNO DE LA CIUDAD DE BUENOS AIRES', 'MONROE 3555 1ï¿½ DTO ECONOMIA Y FINANZA', 'CAPITAL FEDERAL', '2016-08-09 00:00:00', '0.00'),
(382, 3182504, 318250, 4, 'D TRADE', '5230V_TA', '', '1', '2016-08-09 00:00:00', ' ', 9499, 50843, 'GOBIERNO DE LA CIUDAD DE BUENOS AIRES', 'JEAN JAURES 970 PB COORDINACION', 'CAPITAL FEDERAL', '2016-08-09 00:00:00', '0.00'),
(383, 3182524, 318252, 4, 'D TRADE', '5230V_TA', '', '1', '2016-08-09 00:00:00', ' ', 9499, 50843, 'GOBIERNO DE LA CIUDAD DE BUENOS AIRES', 'JEAN JAURES 970 PB COORDINACION', 'CAPITAL FEDERAL', '2016-08-09 00:00:00', '0.00'),
(384, 3182542, 318254, 2, 'D TRADE', '3615V_DNA', '', '1', '2016-08-09 00:00:00', ' ', 9499, 50843, 'GOBIERNO DE LA CIUDAD DE BUENOS AIRES', 'Rivadavia 620  P 5ï¿½', 'CAPITAL FEDERAL', '2016-08-09 00:00:00', '0.00'),
(385, 3182564, 318256, 4, 'D TRADE', '5230V_TA', '', '1', '2016-08-09 00:00:00', ' ', 9499, 50843, 'GOBIERNO DE LA CIUDAD DE BUENOS AIRES', 'GUZMAN 780 PB - Central de Defunciones', 'CAPITAL FEDERAL', '2016-08-09 00:00:00', '0.00'),
(386, 3182582, 318258, 2, 'D TRADE', '3615V_DNA', '', '1', '2016-08-09 00:00:00', ' ', 9499, 50843, 'GOBIERNO DE LA CIUDAD DE BUENOS AIRES', 'ESTEBAN DE LUCA 2151 PATRIMONIO', 'CAPITAL FEDERAL', '2016-08-09 00:00:00', '0.00'),
(387, 3182602, 318260, 2, 'D TRADE', '3615V_DNA', '', '1', '2016-08-09 00:00:00', ' ', 9499, 50843, 'GOBIERNO DE LA CIUDAD DE BUENOS AIRES', 'AV. ROCA 4590 Area Taxis y Remises', 'CAPITAL FEDERAL', '2016-08-09 00:00:00', '0.00'),
(388, 3182624, 318262, 4, 'D TRADE', '5230V_TA', '', '1', '2016-08-09 00:00:00', ' ', 9499, 50843, 'GOBIERNO DE LA CIUDAD DE BUENOS AIRES', 'JUNIN  1930  01', 'CAPITAL FEDERAL', '2016-08-09 00:00:00', '0.00'),
(389, 3182644, 318264, 4, 'D TRADE', '5230V_TA', '', '1', '2016-08-09 00:00:00', ' ', 9499, 50843, 'GOBIERNO DE LA CIUDAD DE BUENOS AIRES', 'ROQUE Sï¿½ENZ PEï¿½A NRO.  832  PISO 7', 'CAPITAL FEDERAL', '2016-08-09 00:00:00', '0.00'),
(390, 3182662, 318266, 2, 'D TRADE', '3325V_DNIA', '', '1', '2016-08-09 00:00:00', ' ', 9499, 50843, 'GOBIERNO DE LA CIUDAD DE BUENOS AIRES', 'ESTEBAN DE LUCA 2151 P1 DIR.ADM.', 'CAPITAL FEDERAL', '2016-08-09 00:00:00', '0.00'),
(391, 3182682, 318268, 2, 'D TRADE', '3325V_DNIA', '', '1', '2016-08-09 00:00:00', ' ', 9499, 50843, 'GOBIERNO DE LA CIUDAD DE BUENOS AIRES', 'ESTEBAN DE LUCA 2151 P1  MESON', 'CAPITAL FEDERAL', '2016-08-09 00:00:00', '0.00'),
(392, 3182702, 318270, 2, 'D TRADE', '3325V_DNIA', '', '1', '2016-08-09 00:00:00', ' ', 9499, 50843, 'GOBIERNO DE LA CIUDAD DE BUENOS AIRES', 'ESTEBAN DE LUCA 2151 PB GERENCIA OPERATI', 'CAPITAL FEDERAL', '2016-08-09 00:00:00', '0.00'),
(393, 3182722, 318272, 2, 'D TRADE', '3615V_DNA', '', '1', '2016-08-09 00:00:00', ' ', 9499, 50843, 'GOBIERNO DE LA CIUDAD DE BUENOS AIRES', 'AV. REG. PATRICIOS 1142 PB UE728  D SEGP', 'CAPITAL FEDERAL', '2016-08-09 00:00:00', '0.00'),
(394, 3182744, 318274, 4, 'D TRADE', '3550V_XA', '', '1', '2016-08-09 00:00:00', ' ', 9499, 50843, 'GOBIERNO DE LA CIUDAD DE BUENOS AIRES', 'AV. REG. PATRICIOS 1142 PB D.SEG. PRIVAD', 'CAPITAL FEDERAL', '2016-08-09 00:00:00', '0.00'),
(395, 3182762, 318276, 2, 'D TRADE', '3325V_DNIA', '', '1', '2016-08-09 00:00:00', ' ', 9499, 50843, 'GOBIERNO DE LA CIUDAD DE BUENOS AIRES', 'AV.SUAREZ 2215 PB OF.SEC ADM.-TALL.REHAB', 'CAPITAL FEDERAL', '2016-08-09 00:00:00', '0.00'),
(396, 3182782, 318278, 2, 'D TRADE', '3615V_DNA', '', '1', '2016-08-09 00:00:00', ' ', 9499, 50843, 'GOBIERNO DE LA CIUDAD DE BUENOS AIRES', 'DR RAMON CARRILLO 315 P.4 COMPRAS', 'CAPITAL FEDERAL', '2016-08-09 00:00:00', '0.00'),
(397, 3182802, 318280, 2, 'D TRADE', 'WC5775C_FE', '', '1', '2016-08-09 00:00:00', ' ', 9499, 50843, 'GOBIERNO DE LA CIUDAD DE BUENOS AIRES', 'ING. HUERGO 949  08', 'CAPITAL FEDERAL', '2016-08-09 00:00:00', '0.00'),
(398, 3182822, 318282, 2, 'D TRADE', 'WC5775C_FE', '', '1', '2016-08-09 00:00:00', ' ', 9499, 50843, 'GOBIERNO DE LA CIUDAD DE BUENOS AIRES', 'ESTADOS UNIDOS 3275 P. 1', 'CAPITAL FEDERAL', '2016-08-09 00:00:00', '0.00'),
(399, 3182842, 318284, 2, 'D TRADE', 'WC5775C_FE', '', '1', '2016-08-09 00:00:00', ' ', 9499, 50843, 'GOBIERNO DE LA CIUDAD DE BUENOS AIRES', 'PILAR 950 DEPOSITO HTAL SANTOJANI', 'CAPITAL FEDERAL', '2016-08-09 00:00:00', '0.00'),
(400, 3182862, 318286, 2, 'D TRADE', 'WC5775C_FE', '', '1', '2016-08-09 00:00:00', ' ', 9499, 50843, 'GOBIERNO DE LA CIUDAD DE BUENOS AIRES', 'MANUELA PEDRAZA 1558 OF.ADMINISTRACION', 'CAPITAL FEDERAL', '2016-08-09 00:00:00', '0.00'),
(401, 3182882, 318288, 2, 'D TRADE', 'WC5775C_FE', '', '1', '2016-08-09 00:00:00', ' ', 9499, 50843, 'GOBIERNO DE LA CIUDAD DE BUENOS AIRES', 'URUGUAY 466 P9  OF.196', 'CAPITAL FEDERAL', '2016-08-09 00:00:00', '0.00'),
(402, 3182902, 318290, 2, 'D TRADE', 'WC5775C_FE', '', '1', '2016-08-09 00:00:00', ' ', 9499, 50843, 'GOBIERNO DE LA CIUDAD DE BUENOS AIRES', 'URUGUAY 466 P9  OF.196', 'CAPITAL FEDERAL', '2016-08-09 00:00:00', '0.00'),
(403, 3182922, 318292, 2, 'D TRADE', 'WC5775C_FE', '', '1', '2016-08-09 00:00:00', ' ', 9499, 50843, 'GOBIERNO DE LA CIUDAD DE BUENOS AIRES', 'URUGUAY 466 P9  OF.196', 'CAPITAL FEDERAL', '2016-08-09 00:00:00', '0.00'),
(404, 3182944, 318294, 4, 'D TRADE', 'WC5745C_FE', '', '1', '2016-08-09 00:00:00', ' ', 9499, 50843, 'GOBIERNO DE LA CIUDAD DE BUENOS AIRES', '"URUGUAY 466 P1  OF. ""196"""', 'CAPITAL FEDERAL', '2016-08-09 00:00:00', '0.00'),
(405, 3182962, 318296, 2, 'D TRADE', 'WC5775C_FE', '', '1', '2016-08-09 00:00:00', ' ', 9499, 50843, 'GOBIERNO DE LA CIUDAD DE BUENOS AIRES', 'SANTIAGO DE COMPOSTELA 3801', 'CAPITAL FEDERAL', '2016-08-09 00:00:00', '0.00'),
(406, 3182982, 318298, 2, 'D TRADE', 'WC5775C_FE', '', '1', '2016-08-09 00:00:00', ' ', 9499, 50843, 'GOBIERNO DE LA CIUDAD DE BUENOS AIRES', 'AV.ESCALADA 4502  UGIS  COMPRAS', 'CAPITAL FEDERAL', '2016-08-09 00:00:00', '0.00'),
(407, 31832511, 318325, 11, 'DESPACHO', 'W5335V_TA', '', '1', '2016-08-11 00:00:00', ' ', 50485, 50847, 'CENTRALES DE LA COSTA ALTANTICA S.A.', 'CALLE 46 N .5661 ENTRE CALLE 6 Y 7', 'LA PLATA', '2016-08-11 00:00:00', '0.00'),
(408, 31832513, 318325, 13, 'DESPACHO', 'W5335V_TA', '', '1', '2016-08-11 00:00:00', ' ', 50485, 50847, 'CENTRALES DE LA COSTA ALTANTICA S.A.', 'CALLE 46 N .5661 ENTRE CALLE 6 Y 7', 'LA PLATA', '2016-08-11 00:00:00', '0.00'),
(409, 31832515, 318325, 15, 'DESPACHO', 'W5335V_TA', '', '1', '2016-08-11 00:00:00', ' ', 50485, 50847, 'CENTRALES DE LA COSTA ALTANTICA S.A.', 'CALLE 46 N .5661 ENTRE CALLE 6 Y 7', 'LA PLATA', '2016-08-11 00:00:00', '0.00'),
(410, 3183312, 318331, 2, 'DESPACHO', '4622V_DNA', '', '1', '2016-08-12 00:00:00', ' ', 52165, 50746, 'PRICE WATERHOUSE & CO. ASESORES DE EMPRESAS S.R.L.', 'BOUCHAR  557', 'CAPITAL FEDERAL', '2016-08-12 00:00:00', '0.00'),
(411, 3183322, 318332, 2, 'DESPACHO', '4622V_DNA', '', '1', '2016-08-12 00:00:00', ' ', 52165, 50746, 'PRICE WATERHOUSE & CO. ASESORES DE EMPRESAS S.R.L.', 'BOUCHAR  557', 'CAPITAL FEDERAL', '2016-08-12 00:00:00', '0.00'),
(412, 3183332, 318333, 2, 'DESPACHO', '4622V_DNA', '', '1', '2016-08-12 00:00:00', ' ', 52165, 50746, 'PRICE WATERHOUSE & CO. ASESORES DE EMPRESAS S.R.L.', 'BOUCHAR  557', 'CAPITAL FEDERAL', '2016-08-12 00:00:00', '0.00'),
(413, 3183452, 318345, 2, 'D TRADE', '3325V_DNIA', '', '1', '2016-08-17 00:00:00', ' ', 9499, 50843, 'GOBIERNO DE LA CIUDAD DE BUENOS AIRES', 'AV. DE MAYO 591  P1', 'CAPITAL FEDERAL', '2016-08-17 00:00:00', '0.00'),
(414, 3183472, 318347, 2, 'D TRADE', '3615V_DNA', '', '1', '2016-08-17 00:00:00', ' ', 9499, 50843, 'GOBIERNO DE LA CIUDAD DE BUENOS AIRES', 'HUERGO 949   P.5', 'CAPITAL FEDERAL', '2016-08-17 00:00:00', '0.00'),
(415, 3183492, 318349, 2, 'D TRADE', '3615V_DNA', '', '1', '2016-08-17 00:00:00', ' ', 9499, 50843, 'GOBIERNO DE LA CIUDAD DE BUENOS AIRES', 'Ing. Huergo 949  P.10', 'CAPITAL FEDERAL', '2016-08-17 00:00:00', '0.00'),
(416, 3183514, 318351, 4, 'D TRADE', '3550V_XA', '', '1', '2016-08-17 00:00:00', ' ', 9499, 50843, 'GOBIERNO DE LA CIUDAD DE BUENOS AIRES', 'AV. HUERGO   949', 'CAPITAL FEDERAL', '2016-08-17 00:00:00', '0.00'),
(417, 3183532, 318353, 2, 'D TRADE', '3615V_DNA', '', '1', '2016-08-17 00:00:00', ' ', 9499, 50843, 'GOBIERNO DE LA CIUDAD DE BUENOS AIRES', 'WARNES 2600', 'CAPITAL FEDERAL', '2016-08-17 00:00:00', '0.00'),
(418, 3183552, 318355, 2, 'D TRADE', '3615V_DNA', '', '1', '2016-08-17 00:00:00', ' ', 9499, 50843, 'GOBIERNO DE LA CIUDAD DE BUENOS AIRES', 'JUNIN 1930 P 1', 'CAPITAL FEDERAL', '2016-08-17 00:00:00', '0.00'),
(419, 3183574, 318357, 4, 'D TRADE', '3550V_XA', '', '1', '2016-08-17 00:00:00', ' ', 9499, 50843, 'GOBIERNO DE LA CIUDAD DE BUENOS AIRES', 'Ingeniero Huergo 949 Piso 7 Direcciï¿½n Ge', 'CAPITAL FEDERAL', '2016-08-17 00:00:00', '0.00'),
(420, 3183592, 318359, 2, 'D TRADE', '3325V_DNIA', '', '1', '2016-08-17 00:00:00', ' ', 9499, 50843, 'GOBIERNO DE LA CIUDAD DE BUENOS AIRES', 'Huergo 949 P8', 'CAPITAL FEDERAL', '2016-08-17 00:00:00', '0.00'),
(421, 3183612, 318361, 2, 'D TRADE', '3615V_DNA', '', '1', '2016-08-17 00:00:00', ' ', 9499, 50843, 'GOBIERNO DE LA CIUDAD DE BUENOS AIRES', 'Huergo 949  P.8', 'CAPITAL FEDERAL', '2016-08-17 00:00:00', '0.00'),
(422, 3183632, 318363, 2, 'D TRADE', '3615V_DNA', '', '1', '2016-08-17 00:00:00', ' ', 9499, 50843, 'GOBIERNO DE LA CIUDAD DE BUENOS AIRES', 'AV.  HUERGO   949    P. 6', 'CAPITAL FEDERAL', '2016-08-17 00:00:00', '0.00'),
(423, 3183652, 318365, 2, 'D TRADE', '3325V_DNIA', '', '1', '2016-08-17 00:00:00', ' ', 9499, 50843, 'GOBIERNO DE LA CIUDAD DE BUENOS AIRES', 'Av. Santa Fe 3951  piso 1ï¿½', 'CAPITAL FEDERAL', '2016-08-17 00:00:00', '0.00'),
(424, 3183672, 318367, 2, 'D TRADE', '3325V_DNIA', '', '1', '2016-08-17 00:00:00', ' ', 9499, 50843, 'GOBIERNO DE LA CIUDAD DE BUENOS AIRES', 'Av Huergo 941/949    P.6', 'CAPITAL FEDERAL', '2016-08-17 00:00:00', '0.00'),
(425, 3183692, 318369, 2, 'D TRADE', '3325V_DNIA', '', '1', '2016-08-17 00:00:00', ' ', 9499, 50843, 'GOBIERNO DE LA CIUDAD DE BUENOS AIRES', 'ING.  HUERGO 949  PISO 4', 'CAPITAL FEDERAL', '2016-08-17 00:00:00', '0.00'),
(426, 3183712, 318371, 2, 'D TRADE', '3325V_DNIA', '', '1', '2016-08-17 00:00:00', ' ', 9499, 50843, 'GOBIERNO DE LA CIUDAD DE BUENOS AIRES', 'CARLOS PELLEGRINI  291   05', 'CAPITAL FEDERAL', '2016-08-17 00:00:00', '0.00'),
(427, 3183732, 318373, 2, 'D TRADE', '3325V_DNIA', '', '1', '2016-08-17 00:00:00', ' ', 9499, 50843, 'GOBIERNO DE LA CIUDAD DE BUENOS AIRES', 'Guzman 730 PB', 'CAPITAL FEDERAL', '2016-08-17 00:00:00', '0.00'),
(428, 3183752, 318375, 2, 'D TRADE', '3615V_DNA', '', '1', '2016-08-17 00:00:00', ' ', 9499, 50843, 'GOBIERNO DE LA CIUDAD DE BUENOS AIRES', 'GUZMAN 730', 'CAPITAL FEDERAL', '2016-08-17 00:00:00', '0.00'),
(429, 3183772, 318377, 2, 'D TRADE', '3615V_DNA', '', '1', '2016-08-17 00:00:00', ' ', 9499, 50843, 'GOBIERNO DE LA CIUDAD DE BUENOS AIRES', 'GUZMAN  730 - D.GRAL DE CEMENTERIOS', 'CAPITAL FEDERAL', '2016-08-17 00:00:00', '0.00'),
(430, 3183792, 318379, 2, 'D TRADE', '3615V_DNA', '', '1', '2016-08-17 00:00:00', ' ', 9499, 50843, 'GOBIERNO DE LA CIUDAD DE BUENOS AIRES', 'GUZMAN 730 D.GRAL DE CEMENTERIOS 1ï¿½ piso', 'CAPITAL FEDERAL', '2016-08-17 00:00:00', '0.00'),
(431, 3183812, 318381, 2, 'D TRADE', '3325V_DNIA', '', '1', '2016-08-17 00:00:00', ' ', 9499, 50843, 'GOBIERNO DE LA CIUDAD DE BUENOS AIRES', 'Guzman 730  1ï¿½ piso Direcciï¿½n Gral', 'CAPITAL FEDERAL', '2016-08-17 00:00:00', '0.00'),
(432, 3183832, 318383, 2, 'D TRADE', '3325V_DNIA', '', '1', '2016-08-17 00:00:00', ' ', 9499, 50843, 'GOBIERNO DE LA CIUDAD DE BUENOS AIRES', 'AVDA VARELA 1621 Y BALBASTRO CEMENTERIO', 'CAPITAL FEDERAL', '2016-08-17 00:00:00', '0.00'),
(433, 3183852, 318385, 2, 'D TRADE', '3615V_DNA', '', '1', '2016-08-17 00:00:00', ' ', 9499, 50843, 'GOBIERNO DE LA CIUDAD DE BUENOS AIRES', 'AV INDEPENCIA 3277', 'CAPITAL FEDERAL', '2016-08-17 00:00:00', '0.00'),
(434, 3183872, 318387, 2, 'D TRADE', '3325V_DNIA', '', '1', '2016-08-17 00:00:00', ' ', 9499, 50843, 'GOBIERNO DE LA CIUDAD DE BUENOS AIRES', 'AV.INDEPENDENCIA 3277', 'CAPITAL FEDERAL', '2016-08-17 00:00:00', '0.00'),
(435, 3183892, 318389, 2, 'D TRADE', '3325V_DNIA', '', '1', '2016-08-17 00:00:00', ' ', 9499, 50843, 'GOBIERNO DE LA CIUDAD DE BUENOS AIRES', 'AV.Castaï¿½ares 4390 PB', 'CAPITAL FEDERAL', '2016-08-17 00:00:00', '0.00');
INSERT INTO `equipo` (`id`, `identificador`, `orden`, `item`, `tipo`, `modelo`, `serie`, `estado`, `fecha`, `comentario`, `cliente`, `contrato`, `razon_social`, `direccion`, `localidad`, `digitacion`, `precio`) VALUES
(436, 3183912, 318391, 2, 'D TRADE', '3325V_DNIA', '', '1', '2016-08-17 00:00:00', ' ', 9499, 50843, 'GOBIERNO DE LA CIUDAD DE BUENOS AIRES', 'AV. CASTAï¿½ARES 4390 /ESCALADA.PQUE INDOA', 'CAPITAL FEDERAL', '2016-08-17 00:00:00', '0.00'),
(437, 3183932, 318393, 2, 'D TRADE', '3325V_DNIA', '', '1', '2016-08-17 00:00:00', ' ', 9499, 50843, 'GOBIERNO DE LA CIUDAD DE BUENOS AIRES', 'Jean Jaures 970 PB - Coordinaciï¿½n ARCHIV', 'CAPITAL FEDERAL', '2016-08-17 00:00:00', '0.00'),
(438, 3183952, 318395, 2, 'D TRADE', '3615V_DNA', '', '1', '2016-08-17 00:00:00', ' ', 9499, 50843, 'GOBIERNO DE LA CIUDAD DE BUENOS AIRES', 'URUGUAY 753 P 6  AREA DEPï¿½SITO', 'CAPITAL FEDERAL', '2016-08-17 00:00:00', '0.00'),
(439, 3183972, 318397, 2, 'D TRADE', '3615V_DNA', '', '1', '2016-08-17 00:00:00', ' ', 9499, 50843, 'GOBIERNO DE LA CIUDAD DE BUENOS AIRES', 'URUGUAY 753  P5  AREA DEPï¿½SITO', 'CAPITAL FEDERAL', '2016-08-17 00:00:00', '0.00'),
(440, 3183992, 318399, 2, 'D TRADE', '3325V_DNIA', '', '1', '2016-08-17 00:00:00', ' ', 9499, 50843, 'GOBIERNO DE LA CIUDAD DE BUENOS AIRES', 'URUGUAY 753 P .2 OFICINA DE DOCUMENTACIï¿½', 'CAPITAL FEDERAL', '2016-08-17 00:00:00', '0.00'),
(441, 3184012, 318401, 2, 'D TRADE', '3615V_DNA', '', '1', '2016-08-17 00:00:00', ' ', 9499, 50843, 'GOBIERNO DE LA CIUDAD DE BUENOS AIRES', '12  DE OCTUBRE  176', 'CAPITAL FEDERAL', '2016-08-17 00:00:00', '0.00'),
(442, 3184032, 318403, 2, 'D TRADE', '3615V_DNA', '', '1', '2016-08-17 00:00:00', ' ', 9499, 50843, 'GOBIERNO DE LA CIUDAD DE BUENOS AIRES', 'ARTIGAS  2262', 'CAPITAL FEDERAL', '2016-08-17 00:00:00', '0.00'),
(443, 3184052, 318405, 2, 'D TRADE', '3615V_DNA', '', '1', '2016-08-17 00:00:00', ' ', 9499, 50843, 'GOBIERNO DE LA CIUDAD DE BUENOS AIRES', 'AV. VARELA  555', 'CAPITAL FEDERAL', '2016-08-17 00:00:00', '0.00'),
(444, 3184072, 318407, 2, 'D TRADE', '3325V_DNIA', '', '1', '2016-08-17 00:00:00', ' ', 9499, 50843, 'GOBIERNO DE LA CIUDAD DE BUENOS AIRES', 'GRAL URQUIZA  609  DELEGACIï¿½N', 'CAPITAL FEDERAL', '2016-08-17 00:00:00', '0.00'),
(445, 3184092, 318409, 2, 'D TRADE', '3615V_DNA', '', '1', '2016-08-17 00:00:00', ' ', 9499, 50843, 'GOBIERNO DE LA CIUDAD DE BUENOS AIRES', 'ROQUE SAENZ PEï¿½A 832 8VO', 'CAPITAL FEDERAL', '2016-08-17 00:00:00', '0.00'),
(446, 3184112, 318411, 2, 'D TRADE', '3615V_DNA', '', '1', '2016-08-17 00:00:00', ' ', 9499, 50843, 'GOBIERNO DE LA CIUDAD DE BUENOS AIRES', 'Agustï¿½n R. Caffarena 1', 'CAPITAL FEDERAL', '2016-08-17 00:00:00', '0.00'),
(447, 3184135, 318413, 5, 'D TRADE', 'W5330V_TA', '', '1', '2016-08-17 00:00:00', ' ', 9499, 50843, 'GOBIERNO DE LA CIUDAD DE BUENOS AIRES', 'CERVIï¿½O  3356   P1', 'CAPITAL FEDERAL', '2016-08-17 00:00:00', '0.00'),
(448, 3184155, 318415, 5, 'D TRADE', 'W5330V_TA', '', '1', '2016-08-17 00:00:00', ' ', 9499, 50843, 'GOBIERNO DE LA CIUDAD DE BUENOS AIRES', 'HOLMBERG 2550 DTO CONTABLE', 'CAPITAL FEDERAL', '2016-08-17 00:00:00', '0.00'),
(449, 3184172, 318417, 2, 'D TRADE', '3615V_DNA', '', '1', '2016-08-17 00:00:00', ' ', 9499, 50843, 'GOBIERNO DE LA CIUDAD DE BUENOS AIRES', 'AV.COMBATIENTES DE MALVINAS 3002-COMPRAS', 'CAPITAL FEDERAL', '2016-08-17 00:00:00', '0.00'),
(450, 3184212, 318421, 2, 'D TRADE', '3615V_DNA', '', '1', '2016-08-17 00:00:00', ' ', 9499, 50843, 'GOBIERNO DE LA CIUDAD DE BUENOS AIRES', 'COMBATIENTES DE MALVINAS 3002-FACTURACIO', 'CAPITAL FEDERAL', '2016-08-17 00:00:00', '0.00'),
(451, 3184232, 318423, 2, 'D TRADE', '3325V_DNIA', '', '1', '2016-08-17 00:00:00', ' ', 9499, 50843, 'GOBIERNO DE LA CIUDAD DE BUENOS AIRES', 'AV.COMBATIENTES DE MALVINAS 3000-SUBD.AD', 'CAPITAL FEDERAL', '2016-08-17 00:00:00', '0.00'),
(452, 3184254, 318425, 4, 'D TRADE', '3550V_XA', '', '1', '2016-08-17 00:00:00', ' ', 9499, 50843, 'GOBIERNO DE LA CIUDAD DE BUENOS AIRES', 'Combatiente de Malvinas 3002  Oficina Fa', 'CAPITAL FEDERAL', '2016-08-17 00:00:00', '0.00'),
(453, 3184282, 318428, 2, 'D TRADE', '3615V_DNA', '', '1', '2016-08-17 00:00:00', ' ', 9499, 50843, 'GOBIERNO DE LA CIUDAD DE BUENOS AIRES', 'CALDERON DE LA BARCA 1550 P.B', 'CAPITAL FEDERAL', '2016-08-17 00:00:00', '0.00'),
(454, 3184302, 318430, 2, 'D TRADE', '3325V_DNIA', '', '1', '2016-08-17 00:00:00', ' ', 9499, 50843, 'GOBIERNO DE LA CIUDAD DE BUENOS AIRES', 'CALDERON DE LA BARCA 1550 Pb ECONOMIA Y', 'CAPITAL FEDERAL', '2016-08-17 00:00:00', '0.00'),
(455, 3184322, 318432, 2, 'D TRADE', '3615V_DNA', '', '1', '2016-08-17 00:00:00', ' ', 9499, 50843, 'GOBIERNO DE LA CIUDAD DE BUENOS AIRES', 'NUEVA YORK 3952 PB IMPRENTA H. ZUBIZARRE', 'CAPITAL FEDERAL', '2016-08-17 00:00:00', '0.00'),
(456, 3184342, 318434, 2, 'D TRADE', '3325V_DNIA', '', '1', '2016-08-17 00:00:00', ' ', 9499, 50843, 'GOBIERNO DE LA CIUDAD DE BUENOS AIRES', 'NUEVA YORK 3952 P 1 sector : comprï¿½s', 'CAPITAL FEDERAL', '2016-08-17 00:00:00', '0.00'),
(457, 3184362, 318436, 2, 'D TRADE', '3615V_DNA', '', '1', '2016-08-17 00:00:00', ' ', 9499, 50843, 'GOBIERNO DE LA CIUDAD DE BUENOS AIRES', 'ECHEVERRIA  955    DIRECCION', 'CAPITAL FEDERAL', '2016-08-17 00:00:00', '0.00'),
(458, 3184384, 318438, 4, 'D  TRASLADOS', '7535V_T', 'XKM600324', '1', '2016-08-17 00:00:00', ' ', 9635, 50523, 'BAKER HUGHES ARG. SOCIEDAD DE RESPON. LIMITADA.', 'RUTA 7  KM.3.5  PQUE.IND.NQN', 'NEUQUEN', '2016-08-17 00:00:00', '0.00'),
(459, 3184402, 318440, 2, 'D TRADE', '3615V_DNA', '', '1', '2016-08-17 00:00:00', ' ', 9499, 50843, 'GOBIERNO DE LA CIUDAD DE BUENOS AIRES', 'MONASTERIO  480   SAME', 'CAPITAL FEDERAL', '2016-08-17 00:00:00', '0.00'),
(460, 3184422, 318442, 2, 'D TRADE', '3615V_DNA', '', '1', '2016-08-17 00:00:00', ' ', 9499, 50843, 'GOBIERNO DE LA CIUDAD DE BUENOS AIRES', 'MONASTERIO 480 OFICIOS JUDICIALES SAME', 'CAPITAL FEDERAL', '2016-08-17 00:00:00', '0.00'),
(461, 3184442, 318444, 2, 'D TRADE', '3325V_DNIA', '', '1', '2016-08-17 00:00:00', ' ', 9499, 50843, 'GOBIERNO DE LA CIUDAD DE BUENOS AIRES', 'MONASTERIO 480 PERSONAL SAME', 'CAPITAL FEDERAL', '2016-08-17 00:00:00', '0.00'),
(462, 3184462, 318446, 2, 'D TRADE', '3615V_DNA', '', '1', '2016-08-17 00:00:00', ' ', 9499, 50843, 'GOBIERNO DE LA CIUDAD DE BUENOS AIRES', 'AV.FF.DE LA CRUZ 4402  Oficina nï¿½29  P.1', 'CAPITAL FEDERAL', '2016-08-17 00:00:00', '0.00'),
(463, 3184482, 318448, 2, 'D TRADE', '3615V_DNA', '', '1', '2016-08-17 00:00:00', ' ', 9499, 50843, 'GOBIERNO DE LA CIUDAD DE BUENOS AIRES', 'AV.FF DE LA CRUZ 4402  P.1 Oficina nï¿½29', 'CAPITAL FEDERAL', '2016-08-17 00:00:00', '0.00'),
(464, 3184502, 318450, 2, 'D TRADE', '3325V_DNIA', '', '1', '2016-08-17 00:00:00', ' ', 9499, 50843, 'GOBIERNO DE LA CIUDAD DE BUENOS AIRES', 'MEXICO 1661 P.1 OFICINA D.G. ADICCIONES', 'CAPITAL FEDERAL', '2016-08-17 00:00:00', '0.00'),
(465, 3184522, 318452, 2, 'D TRADE', '3325V_DNIA', '', '1', '2016-08-17 00:00:00', ' ', 9499, 50843, 'GOBIERNO DE LA CIUDAD DE BUENOS AIRES', 'MEXICO 1661 1ï¿½Fondo Subsecretaria de Adm', 'CAPITAL FEDERAL', '2016-08-17 00:00:00', '0.00'),
(466, 3184542, 318454, 2, 'D TRADE', '3615V_DNA', '', '1', '2016-08-17 00:00:00', ' ', 9499, 50843, 'GOBIERNO DE LA CIUDAD DE BUENOS AIRES', 'MEXICO 1661  2ï¿½  PISO', 'CAPITAL FEDERAL', '2016-08-17 00:00:00', '0.00'),
(467, 3184562, 318456, 2, 'D TRADE', '3615V_DNA', '', '1', '2016-08-17 00:00:00', ' ', 9499, 50843, 'GOBIERNO DE LA CIUDAD DE BUENOS AIRES', 'MEXICO 1661 PB FORT.DE LA SOC.CIVIL', 'CAPITAL FEDERAL', '2016-08-17 00:00:00', '0.00'),
(468, 3184582, 318458, 2, 'D TRADE', '3615V_DNA', '', '1', '2016-08-17 00:00:00', ' ', 9499, 50843, 'GOBIERNO DE LA CIUDAD DE BUENOS AIRES', 'AV ENTRE RIOS 1492 F.FLIA  Oficina 200 -', 'CAPITAL FEDERAL', '2016-08-17 00:00:00', '0.00'),
(469, 3184602, 318460, 2, 'D TRADE', '3615V_DNA', '', '1', '2016-08-17 00:00:00', ' ', 9499, 50843, 'GOBIERNO DE LA CIUDAD DE BUENOS AIRES', 'Carlos Pellegrini 211 Piso 7', 'CAPITAL FEDERAL', '2016-08-17 00:00:00', '0.00'),
(470, 3184622, 318462, 2, 'D TRADE', '3615V_DNA', '', '1', '2016-08-17 00:00:00', ' ', 9499, 50843, 'GOBIERNO DE LA CIUDAD DE BUENOS AIRES', 'AV. ENTRE RIOS 1492 P.2 Of 209 - 110', 'CAPITAL FEDERAL', '2016-08-17 00:00:00', '0.00'),
(471, 3184854, 318485, 4, 'DESPACHO', '3550V_XA', '', '1', '2016-08-18 00:00:00', ' ', 9499, 50843, 'GOBIERNO DE LA CIUDAD DE BUENOS AIRES', 'ESCALADA 4809', 'CAPITAL FEDERAL', '2016-08-18 00:00:00', '0.00');

-- --------------------------------------------------------

--
-- Estructura de tabla para la tabla `estado`
--

CREATE TABLE `estado` (
  `estado_id` int(11) NOT NULL,
  `estado_nombre` varchar(25) NOT NULL,
  `estado_tipo` varchar(25) NOT NULL,
  `estado_descripcion` varchar(255) NOT NULL,
  `estado_responsable` varchar(25) NOT NULL,
  `estado_visor` varchar(25) NOT NULL,
  `estado_accion` varchar(25) NOT NULL
) ENGINE=InnoDB DEFAULT CHARSET=latin1;

--
-- Volcado de datos para la tabla `estado`
--

INSERT INTO `estado` (`estado_id`, `estado_nombre`, `estado_tipo`, `estado_descripcion`, `estado_responsable`, `estado_visor`, `estado_accion`) VALUES
(1, 'Sin Stock ', 'Informativo', 'No hay disponibilidad de equipos| especificar en Comentarios si es de Xcorp o Local', 'Logï¿½stica (PL)', 'Todos', 'N/C'),
(2, 'En Miami', 'Informativo', '"El equipo se encuentra para ser embarcado| utilizar campo ""Comentarios"" para aclarar."', 'Logï¿½stica (PL)', 'Todos', 'N/C'),
(3, 'En Transito', 'Informativo', 'El equipo se encuentra en viaje desde origen al paï¿½s| especificar en comentarios tipo de embarque (Aviï¿½n/Barco) y fecha estimada de arribo.', 'Logï¿½stica (PL)', 'Todos', 'N/C'),
(4, 'En Aduana', 'Informativo', 'El equipo se encuentra en el paï¿½s| bajo el proceso de ingreso por aduana| se estima el tiempo en base a la fecha del estado', 'Logï¿½stica (PL)', 'Todos', 'N/C'),
(5, 'Disponible', 'Ejecutable', 'El equipo se encuentra disponible para el envï¿½o con todos los accesorios correspondientes al mismo.', 'Logï¿½stica (D)', 'Todos', 'Implementaciones'),
(6, 'Despacho Solicitado', 'Ejecutable', 'Se solicitï¿½ la gestiï¿½n para el envï¿½o del equipo al lugar designado en la orden| especificar cambios en el campo comentarios.', 'Implementaciones', 'Todos', 'Logï¿½stica (D)'),
(7, 'En proceso de Entrega', 'Informativo', 'El equipo se encuentra despachado y en proceso de envï¿½o| calcular recepciï¿½n dependiendo del destino en base a la fecha del estado.', 'Logï¿½stica (D)', 'Todos', 'N/C'),
(8, 'Entregado Sin Instalar', 'Ejecutable', 'El equipo se encuentra entregado a la espera de coordinaciï¿½n de visita tï¿½cnica para la instalaciï¿½n.', 'Logï¿½stica (D)', 'Todos', 'Implementaciones'),
(9, 'Contingencia', 'Informativo', 'El equipo se encuentra enviado a un sitio diferente al indicado en la orden de compra| especificar en Comentarios el destino del mismo ', 'Logï¿½stica (D)', 'Todos', 'N/C'),
(10, 'Instalacion Solicitada', 'Ejecutable', 'Se solicitï¿½ al Servicio Tï¿½cnico la coordinaciï¿½n de la instalaciï¿½n del equipo| comunicar cualquier informaciï¿½n en el campo Comentarios', 'Implementaciones', 'Todos', 'Servicio Tï¿½cnico'),
(11, 'Instalacion Coordinada', 'Informativo', 'Servicio Tï¿½cnico coordinï¿½ la instalaciï¿½n e indica fecha de visita| se indica la misma en Comentarios', 'Servicio Tï¿½cnico', 'Todos', 'N/C'),
(12, 'Instalado', 'Ejecutable', 'Servicio Tï¿½cnico indica que el equipo fue instalado y adjunta conforme de instalaciï¿½n.', 'Servicio Tï¿½cnico', 'Todos', 'Implementaciones'),
(13, 'No Instalado', 'Ejecutable', 'Servicio Tï¿½cnico indica que el equipo no fue instalado por algï¿½n motivo que se debe dejar asentado en el campo de comentarios', 'Servicio Tï¿½cnico', 'Todos', 'Implementaciones'),
(14, 'A Cerrar', 'Ejecutable', 'Implementaciones confirma la instalaciï¿½n. Adjunta conforme a repositorio.', 'Implementaciones', 'Todos', 'Logï¿½stica (D)'),
(15, 'Cerrado', 'Informativo', 'La orden se cerrï¿½ correctamente.', 'Logï¿½stica (D)', 'Todos', 'N/C'),
(16, 'Usado Disponible', 'Informativo', 'Para contratos de re manufacturaciï¿½n de equipos| cuando el mismo se encuentra procesado y listo para el envï¿½o.', 'Logï¿½stica (D)', 'Todos', 'Logï¿½stica (D)'),
(17, 'A Retirar', 'Ejecutable', 'En caso de trade| EXE o fin de contrato cuando el equipo se encuentra disponible para ser retirado', 'Implementaciones', 'Todos', 'Logï¿½stica (R)'),
(18, 'Requiere Gestion', 'Ejecutable/Informativo', 'Estado de solicitud extraordinaria| se utiliza el campo comentarios para aclarar la excepciï¿½n (Cambio de Backlog| gestiï¿½n por parte del comercial| etc.)', 'Todos', 'Todos', 'Todos');

-- --------------------------------------------------------

--
-- Estructura de tabla para la tabla `person`
--

CREATE TABLE `person` (
  `id` int(11) NOT NULL,
  `name` varchar(500) NOT NULL,
  `lastname` varchar(500) NOT NULL,
  `address` varchar(100) NOT NULL,
  `phone` varchar(100) NOT NULL,
  `email` varchar(255) NOT NULL,
  `created_at` datetime NOT NULL
) ENGINE=InnoDB DEFAULT CHARSET=latin1;

--
-- Volcado de datos para la tabla `person`
--

INSERT INTO `person` (`id`, `name`, `lastname`, `address`, `phone`, `email`, `created_at`) VALUES
(1, 'fernanda', 'ayellen', 'guidi', '44445555', 'pitu@gmail.com', '2016-08-17 23:31:54'),
(2, 'otro', 'ndsdwe', 'guidi', '2443324234', 'dfsfdsf@frerr.com', '2016-08-17 23:46:24');

-- --------------------------------------------------------

--
-- Estructura de tabla para la tabla `usuarios`
--

CREATE TABLE `usuarios` (
  `idusuario` int(11) NOT NULL,
  `usuario` varchar(20) NOT NULL,
  `password` varchar(60) NOT NULL
) ENGINE=InnoDB DEFAULT CHARSET=utf8;

--
-- Volcado de datos para la tabla `usuarios`
--

INSERT INTO `usuarios` (`idusuario`, `usuario`, `password`) VALUES
(1, 'htessari', 'test'),
(2, 'john', 'xotox');

--
-- Índices para tablas volcadas
--

--
-- Indices de la tabla `equipo`
--
ALTER TABLE `equipo`
  ADD PRIMARY KEY (`id`);

--
-- Indices de la tabla `estado`
--
ALTER TABLE `estado`
  ADD PRIMARY KEY (`estado_id`);

--
-- Indices de la tabla `person`
--
ALTER TABLE `person`
  ADD PRIMARY KEY (`id`);

--
-- Indices de la tabla `usuarios`
--
ALTER TABLE `usuarios`
  ADD PRIMARY KEY (`idusuario`);

--
-- AUTO_INCREMENT de las tablas volcadas
--

--
-- AUTO_INCREMENT de la tabla `equipo`
--
ALTER TABLE `equipo`
  MODIFY `id` int(11) NOT NULL AUTO_INCREMENT, AUTO_INCREMENT=472;
--
-- AUTO_INCREMENT de la tabla `estado`
--
ALTER TABLE `estado`
  MODIFY `estado_id` int(11) NOT NULL AUTO_INCREMENT, AUTO_INCREMENT=19;
--
-- AUTO_INCREMENT de la tabla `person`
--
ALTER TABLE `person`
  MODIFY `id` int(11) NOT NULL AUTO_INCREMENT, AUTO_INCREMENT=3;
--
-- AUTO_INCREMENT de la tabla `usuarios`
--
ALTER TABLE `usuarios`
  MODIFY `idusuario` int(11) NOT NULL AUTO_INCREMENT, AUTO_INCREMENT=3;
/*!40101 SET CHARACTER_SET_CLIENT=@OLD_CHARACTER_SET_CLIENT */;
/*!40101 SET CHARACTER_SET_RESULTS=@OLD_CHARACTER_SET_RESULTS */;
/*!40101 SET COLLATION_CONNECTION=@OLD_COLLATION_CONNECTION */;
